-- --------------------------------------------------------
-- Host:                         127.0.0.1
-- Server version:               8.4.3 - MySQL Community Server - GPL
-- Server OS:                    Win64
-- HeidiSQL Version:             12.8.0.6908
-- --------------------------------------------------------

/*!40101 SET @OLD_CHARACTER_SET_CLIENT=@@CHARACTER_SET_CLIENT */;
/*!40101 SET NAMES utf8 */;
/*!50503 SET NAMES utf8mb4 */;
/*!40103 SET @OLD_TIME_ZONE=@@TIME_ZONE */;
/*!40103 SET TIME_ZONE='+00:00' */;
/*!40014 SET @OLD_FOREIGN_KEY_CHECKS=@@FOREIGN_KEY_CHECKS, FOREIGN_KEY_CHECKS=0 */;
/*!40101 SET @OLD_SQL_MODE=@@SQL_MODE, SQL_MODE='NO_AUTO_VALUE_ON_ZERO' */;
/*!40111 SET @OLD_SQL_NOTES=@@SQL_NOTES, SQL_NOTES=0 */;


-- Dumping database structure for codien
CREATE DATABASE IF NOT EXISTS `codien` /*!40100 DEFAULT CHARACTER SET utf8mb4 COLLATE utf8mb4_0900_ai_ci */ /*!80016 DEFAULT ENCRYPTION='N' */;
USE `codien`;

-- Dumping structure for table codien.customers
CREATE TABLE IF NOT EXISTS `customers` (
  `id` bigint NOT NULL AUTO_INCREMENT,
  `name` varchar(50) CHARACTER SET utf8mb4 COLLATE utf8mb4_0900_ai_ci NOT NULL,
  PRIMARY KEY (`id`)
) ENGINE=InnoDB AUTO_INCREMENT=37 DEFAULT CHARSET=utf8mb4 COLLATE=utf8mb4_0900_ai_ci;

-- Dumping data for table codien.customers: ~36 rows (approximately)
INSERT INTO `customers` (`id`, `name`) VALUES
	(1, 'ANAM'),
	(2, 'CVN QVF (FC,RC,RLFE)-Thang'),
	(3, 'CVN TL (QC,QLQM,QX)'),
	(4, 'ANAM, FOSTER, YAMAHA'),
	(5, 'eero'),
	(6, 'FOSTER'),
	(7, 'FUJIKURA'),
	(8, 'MAS V'),
	(9, 'Panasonic'),
	(10, 'PIONNEER'),
	(11, 'SINFONIA'),
	(12, 'SUMIDEN'),
	(13, 'TOTO'),
	(14, 'TOYOTA'),
	(15, 'T.RAD'),
	(16, 'TSUKUBA'),
	(17, 'VINFAST'),
	(18, 'NISSIN'),
	(19, 'NIROTECH'),
	(20, 'ATSUMITECT'),
	(21, 'GENTHERM'),
	(22, 'KORG'),
	(23, 'SONY'),
	(24, 'ARISTON'),
	(25, 'AMA'),
	(26, 'YAMATO'),
	(27, 'HYOSUNG'),
	(28, 'NORTHSTAR'),
	(29, 'KTC'),
	(30, 'Staubli'),
	(31, 'Yamaha'),
	(32, 'Amotech'),
	(33, 'KAON'),
	(34, 'SVP'),
	(35, 'LeGroup'),
	(36, 'ROCA');

-- Dumping structure for table codien.daily_work_reports
CREATE TABLE IF NOT EXISTS `daily_work_reports` (
  `id` bigint NOT NULL AUTO_INCREMENT,
  `report_date` date DEFAULT NULL,
  `employee_id` bigint NOT NULL,
  `start_time` time(6) DEFAULT NULL,
  `end_time` time(6) DEFAULT NULL,
  `task_description` text CHARACTER SET utf8mb4 COLLATE utf8mb4_0900_ai_ci,
  `file_path` varchar(255) CHARACTER SET utf8mb4 COLLATE utf8mb4_0900_ai_ci DEFAULT NULL,
  `updated_at` datetime NOT NULL DEFAULT CURRENT_TIMESTAMP ON UPDATE CURRENT_TIMESTAMP,
  `created_at` datetime(6) DEFAULT NULL,
  PRIMARY KEY (`id`),
  KEY `FKix3co694n9r24pmqqufl9n77b` (`employee_id`),
  CONSTRAINT `FKix3co694n9r24pmqqufl9n77b` FOREIGN KEY (`employee_id`) REFERENCES `employees` (`id`)
) ENGINE=InnoDB AUTO_INCREMENT=588 DEFAULT CHARSET=utf8mb4 COLLATE=utf8mb4_0900_ai_ci;

-- Dumping data for table codien.daily_work_reports: ~575 rows (approximately)
INSERT INTO `daily_work_reports` (`id`, `report_date`, `employee_id`, `start_time`, `end_time`, `task_description`, `file_path`, `updated_at`, `created_at`) VALUES
	(1, '2025-04-25', 3, '08:00:00.000000', '12:00:00.000000', 'Xuất bản vẽ , Đạt hàng vật tư cơ khí + Điện Máy check hở khí KH AMA V2', NULL, '2025-06-23 16:00:16', NULL),
	(2, '2025-04-25', 3, '12:00:00.000000', '14:00:00.000000', 'Dựng bản vẽ chi tiết cơ điện bị hỏng', NULL, '2025-06-23 16:00:16', NULL),
	(3, '2025-04-25', 3, '14:00:00.000000', '17:15:00.000000', 'Lắp ráp điện khí JIG check hở khí KH AMA V1 " V1 Đảm bảo SX cải tiến ở V2 "', NULL, '2025-06-23 16:00:16', NULL),
	(4, '2025-04-25', 4, '08:00:00.000000', '17:15:00.000000', 'Nghỉ phép', NULL, '2025-06-23 16:00:16', NULL),
	(5, '2025-04-25', 5, '08:00:00.000000', '17:15:00.000000', 'Follow nhà cung cấp test máy check sản phẩm Mas_v', NULL, '2025-06-23 16:00:16', NULL),
	(6, '2025-04-25', 5, '17:15:00.000000', '19:30:00.000000', 'Đào Tạo Mr Huân Lắp ráp PLC bộ laser tự động', NULL, '2025-06-23 16:00:16', NULL),
	(7, '2025-04-26', 3, '08:00:00.000000', '17:15:00.000000', 'Nghỉ Phép', NULL, '2025-06-23 16:00:16', NULL),
	(8, '2025-04-26', 4, '08:00:00.000000', '17:15:00.000000', 'Nghỉ tuần', NULL, '2025-06-23 16:00:16', NULL),
	(9, '2025-04-26', 5, '08:00:00.000000', '17:15:00.000000', 'Theo tay gá thử khuôn', NULL, '2025-06-23 16:00:16', NULL),
	(10, '2025-04-26', 5, '08:00:00.000000', '12:15:00.000000', 'fl nhà cung cấp test máy check sản phẩm Mas_v', NULL, '2025-06-23 16:00:16', NULL),
	(11, '2025-04-26', 5, '13:00:00.000000', '17:15:00.000000', 'Xử lý công việc phát sinh', NULL, '2025-06-23 16:00:16', NULL),
	(12, '2025-04-27', 3, '08:00:00.000000', '17:15:00.000000', 'Nghỉ tuần', NULL, '2025-06-23 16:00:16', NULL),
	(13, '2025-04-27', 4, '08:00:00.000000', '17:15:00.000000', 'Nghỉ tuần', NULL, '2025-06-23 16:00:16', NULL),
	(14, '2025-04-27', 5, '08:00:00.000000', '00:00:00.000000', 'Lắp ráp tủ điện máy CNC 57', NULL, '2025-06-23 16:00:16', NULL),
	(15, '2025-04-28', 3, '08:00:00.000000', '12:15:00.000000', 'Hoàn thiện, Lắp Ráp JIG in SVP 7/12 JIG', NULL, '2025-06-23 16:00:16', NULL),
	(16, '2025-04-28', 3, '13:00:00.000000', '17:15:00.000000', 'Thiết kế , Gia công cụm đồ gá máy đo phòng in', NULL, '2025-06-23 16:00:16', NULL),
	(17, '2025-04-28', 4, '08:00:00.000000', '12:15:00.000000', 'Thiết kế jig Kiểm tra kí tự in VGR1A703Z', NULL, '2025-06-23 16:00:16', NULL),
	(18, '2025-04-28', 4, '13:00:00.000000', '17:15:00.000000', 'Thiết kế jig Kiểm tra kí tự in VBC1A195z', NULL, '2025-06-23 16:00:16', NULL),
	(19, '2025-04-28', 5, '08:00:00.000000', '17:15:00.000000', 'Theo tay gá thử khuôn', NULL, '2025-06-23 16:00:16', NULL),
	(20, '2025-04-28', 5, '08:15:00.000000', '11:15:00.000000', 'Làm data test máy check mas-V', NULL, '2025-06-23 16:00:16', NULL),
	(21, '2025-04-28', 5, '13:15:00.000000', '16:15:00.000000', 'fl nhà cung cấp test máy check sản phẩm Mas_v', NULL, '2025-06-23 16:00:16', NULL),
	(22, '2025-04-29', 3, '08:00:00.000000', '17:00:00.000000', 'Thiết kế , Xuất bản vẽ Máy check CNC HOT LAZER ANYTOWN, FF', NULL, '2025-06-23 16:00:16', NULL),
	(23, '2025-04-29', 4, '08:00:00.000000', '16:15:00.000000', 'Kiểm tra vật tư cơ khí chế Tạo Máy dán protect  VLK1A225, cắt phôi còn thiếu', NULL, '2025-06-23 16:00:16', NULL),
	(24, '2025-04-29', 4, '16:15:00.000000', '17:15:00.000000', 'Xuất bản vẽ Jig check kí tự in', NULL, '2025-06-23 16:00:16', NULL),
	(25, '2025-04-29', 5, '08:00:00.000000', '17:15:00.000000', 'Theo tay gá thử khuôn', NULL, '2025-06-23 16:00:16', NULL),
	(26, '2025-04-29', 5, '10:00:00.000000', '12:15:00.000000', 'Lắp ráp bàn gá 24HI1137', NULL, '2025-06-23 16:00:16', NULL),
	(27, '2025-04-29', 5, '13:00:00.000000', '15:15:00.000000', 'Gia công base gá kìm 24HI199', NULL, '2025-06-23 16:00:16', NULL),
	(28, '2025-04-29', 5, '14:30:00.000000', '18:45:00.000000', 'Thử bàn gá kìm QC8-0568', NULL, '2025-06-23 16:00:16', NULL),
	(29, '2025-05-04', 5, '17:00:00.000000', '19:45:00.000000', 'Lắp ráp tủ điện máy CNC 63', '\\10.0.10.25dataUTILITY3.ULT_SHAREBao cao cong viec nhom Tu dong hoaMr. Văn Thắng4.5.1.png\r', '2025-06-20 17:18:26', NULL),
	(30, '2025-05-04', 5, '08:00:00.000000', '15:30:00.000000', 'Lắp tủ van', NULL, '2025-06-23 16:00:16', NULL),
	(31, '2025-05-05', 3, '08:30:00.000000', '10:30:00.000000', 'Gia Công đồ giá, thử nghiệm dụng cụ đo Z mới, thử nghiệm trên mã hàng 425 00052', NULL, '2025-06-23 16:00:16', NULL),
	(32, '2025-05-05', 3, '11:30:00.000000', '13:30:00.000000', 'Lên đơn hàng vật tư điện cơ khí Máy check HOT LAZER CNC FF, ANYTOWN', NULL, '2025-06-23 16:00:16', NULL),
	(33, '2025-05-05', 3, '13:00:00.000000', '14:30:00.000000', 'Chỉnh sửa bản vẽ lưới in KH SVP', NULL, '2025-06-23 16:00:16', NULL),
	(34, '2025-05-05', 3, '14:30:00.000000', '17:45:00.000000', 'Thiết kế , xuất bản vẽ Cơ cấu đánh dấu máy check TRAD', NULL, '2025-06-23 16:00:16', NULL),
	(35, '2025-05-05', 4, '08:15:00.000000', '15:15:00.000000', 'Hỗ trợ lắp bàn cắt, tay gá', '\\10.0.10.25dataUTILITY3.ULT_SHAREBao cao cong viec nhom Tu dong hoaMr. Công\05.05z6574059434275_6955ead51b2f062743b7b3db09e4191f.jpg\r', '2025-06-20 17:18:26', NULL),
	(36, '2025-05-05', 4, '16:00:00.000000', '18:30:00.000000', 'Lắp điện jig check CNC, hot, laser', '\\10.0.10.25dataUTILITY3.ULT_SHAREBao cao cong viec nhom Tu dong hoaMr. Công\05.05z6574058828950_09ad0e9178a1125c2cf6d4421f27e019.jpg\r', '2025-06-20 17:18:26', NULL),
	(37, '2025-05-05', 4, '19:00:00.000000', '21:00:00.000000', 'cắt phôi dự án máy dán tape', '\\10.0.10.25dataUTILITY3.ULT_SHAREBao cao cong viec nhom Tu dong hoaMr. Công\05.05z6574059486888_280889084cbf3658b1b9339ebf6a325a.jpg\r', '2025-06-20 17:18:26', NULL),
	(38, '2025-05-05', 5, '17:45:00.000000', '19:45:00.000000', 'Lắp ráp băng tải máy tách sản phẩm Mas_v', '\\10.0.10.25dataUTILITY3.ULT_SHAREBao cao cong viec nhom Tu dong hoaMr. Văn ThắngTHANG 5\05_05z6571024945799_a59428abe4b688f4552353141a1307eb.jpg\r', '2025-06-20 17:18:26', NULL),
	(39, '2025-05-05', 5, '08:30:00.000000', '15:15:00.000000', 'khảo sát, line sản xuất hàng in Mas-v', NULL, '2025-06-23 16:00:16', NULL),
	(40, '2025-05-05', 6, '08:00:00.000000', '11:30:00.000000', 'Lắp ráp, Follow tay gá bàn cắt cải tiến 24HI1075', '\\10.0.10.25dataUTILITY3.ULT_SHAREBao cao cong viec nhom Tu dong hoaMr. Đức Thắng	hang 5\01.05-05z6571545757902_2b2c02c5a5371c2a69b78830511470f3.jpg\r', '2025-06-20 17:18:26', NULL),
	(41, '2025-05-05', 6, '08:00:00.000000', '11:30:00.000000', 'Lắp ráp, Chuẩn bị tay gá test theo kế hoạch thử khuôn 24hi264; 24hi1139; 24hi243', NULL, '2025-06-23 16:00:16', NULL),
	(42, '2025-05-05', 6, '10:00:00.000000', '11:00:00.000000', 'Lấy mẫu sản phẩm làm tay gá 24hi274', '\\10.0.10.25dataUTILITY3.ULT_SHAREBao cao cong viec nhom Tu dong hoaMr. Đức Thắng	hang 5\01.05-05z6571630816519_a46bce3ca04b0bf4c50d782951f48a30.jpg\r', '2025-06-20 17:18:26', NULL),
	(43, '2025-05-05', 6, '14:00:00.000000', '16:00:00.000000', 'Test tay gá 24hi1139', NULL, '2025-06-23 16:00:16', NULL),
	(44, '2025-05-05', 6, '17:00:00.000000', '18:00:00.000000', 'Lấy mẫu sản phẩm làm tay gá 25hi1026', '\\10.0.10.25dataUTILITY3.ULT_SHAREBao cao cong viec nhom Tu dong hoaMr. Đức Thắng	hang 5\01.05-05z6571616405482_728ac697c27ba560fe6e712ffda270cf.jpg\r', '2025-06-20 17:18:26', NULL),
	(45, '2025-05-05', 6, '18:50:00.000000', '20:45:00.000000', 'Test tay gá 24hi243', NULL, '2025-06-23 16:00:16', NULL),
	(46, '2025-05-05', 6, '19:00:00.000000', '20:00:00.000000', 'Lấy mẫu sản phẩm làm tay gá 25hi1023', '\\10.0.10.25dataUTILITY3.ULT_SHAREBao cao cong viec nhom Tu dong hoaMr. Đức Thắng	hang 5\01.05-05z6571616280226_350856a9471f3932878e87c836c67268.jpg\r', '2025-06-20 17:18:26', NULL),
	(47, '2025-05-05', 6, '13:00:00.000000', '21:00:00.000000', 'Lắp ráp tay gá :25hi65 ; 24hi172 ; 24hi1158 ;24hi45; 24hi245 ; 24hi1155;24hi1156;24hi1025; 24hi1131;24hi1161; 24hi161; 24hi1145; 24hi1014 ;24hi1140', '\\10.0.10.25dataUTILITY3.ULT_SHAREBao cao cong viec nhom Tu dong hoaMr. Đức Thắng	hang 5\01.05-05z6571542327076_253b86b3507fc2a5c414a2522a86c480.jpg\r', '2025-06-20 17:18:26', NULL),
	(48, '2025-05-06', 3, '08:45:00.000000', '18:45:00.000000', 'Thiết kế Máy + JIG in tròn SVP', '\\10.0.10.25dataUTILITY3.ULT_SHAREBao cao cong viec nhom Tu dong hoaMr. Đạt\06.01.png\r', '2025-06-20 17:18:26', NULL),
	(49, '2025-05-06', 3, '13:30:00.000000', '19:00:00.000000', 'Nhận , khảo sát thông tin cải tiến và xử lý phát sinh trong xưởng', NULL, '2025-06-23 16:00:16', NULL),
	(50, '2025-05-06', 3, '19:00:00.000000', '21:30:00.000000', 'Thiết kế robot SCA', '\\10.0.10.25dataUTILITY3.ULT_SHAREBao cao cong viec nhom Tu dong hoaMr. Đạt\06.2.png\r', '2025-06-20 17:18:26', NULL),
	(51, '2025-05-06', 4, '08:00:00.000000', '09:45:00.000000', 'Họp đầu giờ', NULL, '2025-06-23 16:00:16', NULL),
	(52, '2025-05-06', 4, '10:30:00.000000', '12:15:00.000000', 'Kiểm tra vật tư, cắt phôi dự án máy dán protect, tape', NULL, '2025-06-23 16:00:16', NULL),
	(53, '2025-05-06', 4, '13:30:00.000000', '16:30:00.000000', 'Hỗ trợ lắp bàn cắt, tay gá', NULL, '2025-06-23 16:00:16', NULL),
	(54, '2025-05-06', 4, '17:30:00.000000', '20:15:00.000000', 'Phân loại và viết biên bản Bàn giao tay gá', NULL, '2025-06-23 16:00:16', NULL),
	(55, '2025-05-06', 5, '08:00:00.000000', '17:15:00.000000', 'Hoàn thiện, ghép nối máy tách sản phẩm Mas-v với máy NCC', '\\10.0.10.25dataUTILITY3.ULT_SHAREBao cao cong viec nhom Tu dong hoaMr. Văn ThắngTHANG 5\06-05z6574859020643_933e47295d243e40b73cac7626fd83e6.jpg\r', '2025-06-20 17:18:26', NULL),
	(56, '2025-05-06', 6, '09:00:00.000000', '11:00:00.000000', 'Check kế hoạch thử khuôn và Chuẩn bị tay gá test theo kế hoạch', NULL, '2025-06-23 16:00:16', NULL),
	(57, '2025-05-06', 6, '11:00:00.000000', '12:15:00.000000', 'Tạo mã erp mua phôi , cút hút chéo, làm giải trình mua hàng', NULL, '2025-06-23 16:00:16', NULL),
	(58, '2025-05-06', 6, '14:15:00.000000', '17:00:00.000000', 'Họp sản phẩm mới new model', NULL, '2025-06-23 16:00:16', NULL),
	(59, '2025-05-06', 6, '17:00:00.000000', '17:30:00.000000', 'Họp cắt gate', NULL, '2025-06-23 16:00:16', NULL),
	(60, '2025-05-06', 6, '17:30:00.000000', '18:30:00.000000', 'Phân loại và viết biên bản Bàn giao tay gá', NULL, '2025-06-23 16:00:16', NULL),
	(61, '2025-05-06', 6, '19:30:00.000000', '21:30:00.000000', 'Thiết kế tay gá : 24HI1088 ; 24HI274 ; 25HI1024 ;25HI1026 ; 25HI1023 ; 25HI1013', NULL, '2025-06-23 16:00:16', NULL),
	(62, '2025-05-07', 3, '08:45:00.000000', '10:30:00.000000', 'Tạo phôi, Gia công chi tiệt máy in tròn', NULL, '2025-06-23 16:00:16', NULL),
	(63, '2025-05-07', 3, '10:30:00.000000', '19:30:00.000000', 'Thiết kế Robot SCARA', NULL, '2025-06-23 16:00:16', NULL),
	(64, '2025-05-07', 3, '14:30:00.000000', '17:30:00.000000', 'Xử lý phát sinh hạng mục jig trong nhà máy, 5s Phát sinh', NULL, '2025-06-23 16:00:16', NULL),
	(65, '2025-05-07', 4, '08:15:00.000000', '10:30:00.000000', 'Kiểm tra số lượng vật tư điện, vật tư Lắp ráp jig , máy, tay gá để đặt vật tư', NULL, '2025-06-23 16:00:16', NULL),
	(66, '2025-05-07', 4, '11:30:00.000000', '12:15:00.000000', 'Sửa jig check cnc hot laser patria', NULL, '2025-06-23 16:00:16', NULL),
	(67, '2025-05-07', 4, '13:30:00.000000', '17:30:00.000000', '5s khu tự để hàng tay gá, hàng thử sản phẩm tay gá, layout thùng đựng chi tiết dùng khi Lắp ráp jig/ máy / tay gá', NULL, '2025-06-23 16:00:16', NULL),
	(68, '2025-05-07', 5, '08:15:00.000000', '17:15:00.000000', 'Lắp ráp thử nghiệm máy tách sản phẩm Mas-V', '\\10.0.10.25dataUTILITY3.ULT_SHAREBao cao cong viec nhom Tu dong hoaMr. Văn ThắngTHANG 5\07-056579955309263.mp4\r', '2025-06-20 17:18:26', NULL),
	(69, '2025-05-07', 6, '08:00:00.000000', '10:00:00.000000', 'Chuẩn bị tay gá bàn cắt test theo kế hoạch hằng ngày', NULL, '2025-06-23 16:00:16', NULL),
	(70, '2025-05-07', 6, '09:00:00.000000', '10:00:00.000000', 'Chuyển tay gá bàn cắt Lắp ráp xong sang kỹ thuật', NULL, '2025-06-23 16:00:16', NULL),
	(71, '2025-05-07', 6, '10:00:00.000000', '12:00:00.000000', 'Follow tay gá 24HI1151', NULL, '2025-06-23 16:00:16', NULL),
	(72, '2025-05-07', 6, '12:00:00.000000', '12:15:00.000000', 'Tìm bàn cắt gate 21HI1111', NULL, '2025-06-23 16:00:16', NULL),
	(73, '2025-05-07', 6, '13:00:00.000000', '16:00:00.000000', 'Follow tay gá 24HI205 ; 24HI1095', NULL, '2025-06-23 16:00:16', NULL),
	(74, '2025-05-07', 6, '15:00:00.000000', '17:00:00.000000', 'Thiết kế bàn cắt 22HI1115', NULL, '2025-06-23 16:00:16', NULL),
	(75, '2025-05-07', 6, '17:00:00.000000', '20:45:00.000000', 'Dựng 2D Thiết kế tay gá 24HI257;  24HI273; 24HI275 ; 25HI32', '\\10.0.10.25dataUTILITY3.ULT_SHAREBao cao cong viec nhom Tu dong hoaMr. Đức Thắng	hang 5\02.07-05z6579745431521_22ce17edd734ef94702a734265ac31d3.jpg\r', '2025-06-20 17:18:26', NULL),
	(76, '2025-05-08', 3, '08:30:00.000000', '16:00:00.000000', 'Thiết kế, làm DFM sửa khuôn, Đặt hàng JIG NHÉT INSERT AMA', NULL, '2025-06-23 16:00:16', NULL),
	(77, '2025-05-08', 3, '12:45:00.000000', '14:15:00.000000', 'Xử lý đơn hàng máy check hở khí AMA', NULL, '2025-06-23 16:00:16', NULL),
	(78, '2025-05-08', 3, '16:00:00.000000', '20:45:00.000000', 'Thiết kế ROBOT SCARA', NULL, '2025-06-23 16:00:16', NULL),
	(79, '2025-05-08', 4, '08:00:00.000000', '09:45:00.000000', 'Họp đầu giờ', NULL, '2025-06-23 16:00:16', NULL),
	(80, '2025-05-08', 4, '10:30:00.000000', '15:45:00.000000', 'Hỗ trợ lắp bàn cắt, tay gá, Tìm bàn cắt tay gs Bàn giao kí thuật Lắp trên máy 209,207', NULL, '2025-06-23 16:00:16', NULL),
	(81, '2025-05-08', 4, '16:45:00.000000', '19:30:00.000000', 'layout kit đựng vật tư,tìm tay gá RC6-8671, tháo bỏ các jig cũ không còn sử dụng', NULL, '2025-06-23 16:00:16', NULL),
	(82, '2025-05-08', 5, '08:00:00.000000', '17:15:00.000000', 'Lắp ráp thử nghiệm máy tách sản phẩm Mas-V', NULL, '2025-06-23 16:00:16', NULL),
	(83, '2025-05-08', 6, '09:00:00.000000', '11:00:00.000000', '', NULL, '2025-06-23 16:00:16', NULL),
	(84, '2025-05-08', 6, '11:00:00.000000', '12:15:00.000000', '', NULL, '2025-06-23 16:00:16', NULL),
	(85, '2025-05-08', 6, '14:00:00.000000', '16:00:00.000000', '', NULL, '2025-06-23 16:00:16', NULL),
	(86, '2025-05-08', 6, '17:00:00.000000', '17:30:00.000000', '', NULL, '2025-06-23 16:00:16', NULL),
	(87, '2025-05-09', 3, '08:30:00.000000', '12:15:00.000000', 'Tính toán momen xoắn tay ro boort 6 trục', NULL, '2025-06-23 16:00:16', NULL),
	(88, '2025-05-09', 3, '13:00:00.000000', '17:15:00.000000', 'Gia công chi tiết máy in SVP', NULL, '2025-06-23 16:00:16', NULL),
	(89, '2025-05-09', 4, '08:15:00.000000', '10:30:00.000000', 'Xử lý phát sinh line Teneco', NULL, '2025-06-23 16:00:16', NULL),
	(90, '2025-05-09', 4, '11:15:00.000000', '15:30:00.000000', 'Hỗ trợ lắp tay gá bàn cắt', NULL, '2025-06-23 16:00:16', NULL),
	(91, '2025-05-09', 4, '16:00:00.000000', '20:45:00.000000', 'Tiếp tục xử lý phát sinh line Teneco', NULL, '2025-06-23 16:00:16', NULL),
	(92, '2025-05-09', 4, '16:30:00.000000', '17:30:00.000000', 'Tạo phôi chi tiet canon', NULL, '2025-06-23 16:00:16', NULL),
	(93, '2025-05-09', 5, '08:15:00.000000', '18:15:00.000000', 'Nghiên cứu, khảo sát Thiết kế thang cuốn tự động', NULL, '2025-06-23 16:00:16', NULL),
	(94, '2025-05-09', 6, '08:00:00.000000', '10:00:00.000000', 'Chuẩn bị tay gá bàn cắt test theo kế hoạch hằng ngày', NULL, '2025-06-23 16:00:16', NULL),
	(95, '2025-05-09', 6, '10:00:00.000000', '11:30:00.000000', 'Lắp bàn cắt gate đa năng CL004190N FOLLOW cắt gate', NULL, '2025-06-23 16:00:16', NULL),
	(96, '2025-05-09', 6, '11:30:00.000000', '12:15:00.000000', 'Sửa tay gá QC9-0105-11A; 21A; 31A', NULL, '2025-06-23 16:00:16', NULL),
	(97, '2025-05-09', 6, '14:00:00.000000', '15:00:00.000000', 'Thử tay gá 24hi1125', NULL, '2025-06-23 16:00:16', NULL),
	(98, '2025-05-09', 6, '15:30:00.000000', '20:15:00.000000', 'Bàn giao tay gá bàn cắt', NULL, '2025-06-23 16:00:16', NULL),
	(99, '2025-05-09', 6, '18:00:00.000000', '19:00:00.000000', 'Thử tay gá 24HI255', NULL, '2025-06-23 16:00:16', NULL),
	(100, '2025-05-09', 6, '17:00:00.000000', '17:45:00.000000', 'Tìm tay gá bàn cắt 24HI1095, 24HI1151 VỀ BÀN GIAO', NULL, '2025-06-23 16:00:16', NULL),
	(101, '2025-05-09', 6, '20:00:00.000000', '21:30:00.000000', 'Thiết kế bàn cắt QC8-0535-000 ; bàn cắt CL004190N', NULL, '2025-06-23 16:00:16', NULL),
	(102, '2025-05-10', 3, '08:30:00.000000', '14:30:00.000000', 'Gia công , Lắp ráp điện cơ khí máy in tròn SVP', NULL, '2025-06-23 16:00:16', NULL),
	(103, '2025-05-10', 3, '14:30:00.000000', '16:15:00.000000', 'xử lý   JIG CNC Chuyển bị chủ nhật test chương trình cải tiến', NULL, '2025-06-23 16:00:16', NULL),
	(104, '2025-05-10', 3, '16:30:00.000000', '15:15:00.000000', 'Thiết kế , cải tiến cụm thổi khí tự động kèm ngoại quen trên băng tải', NULL, '2025-06-23 16:00:16', NULL),
	(105, '2025-05-10', 4, '17:15:00.000000', '08:00:00.000000', 'Nghỉ tuần', NULL, '2025-06-24 08:28:10', NULL),
	(106, '2025-05-10', 5, '08:00:00.000000', '17:15:00.000000', 'Theo tay gá thử khuôn', NULL, '2025-06-23 16:00:16', NULL),
	(107, '2025-05-10', 5, '13:00:00.000000', '17:15:00.000000', 'Thử cắt gate tự động  QC8-0568', '\\10.0.10.25dataUTILITY3.ULT_SHAREBao cao cong viec nhom Tu dong hoaMr. Văn ThắngTHANG 510-05z6590779190989_a287cdad5c0548e0bf2d529062710650.jpg\r', '2025-06-20 17:18:26', NULL),
	(108, '2025-05-10', 5, '13:30:00.000000', '16:30:00.000000', 'Theo nhà NCC chỉnh máy check ngoại quan sản phẩm Mas_v', NULL, '2025-06-23 16:00:16', NULL),
	(109, '2025-05-10', 6, '14:00:00.000000', '18:15:00.000000', 'Nghỉ tuần', NULL, '2025-06-23 16:00:16', NULL),
	(110, '2025-05-11', 3, '14:15:00.000000', '18:15:00.000000', 'Gia công , Lắp ráp điện cơ khí máy in tròn SVP', NULL, '2025-06-23 16:00:16', NULL),
	(111, '2025-05-11', 3, '10:30:00.000000', '15:00:00.000000', 'Lập trình , thử nghiệm chương trình , cải tiến dao chạy rãnh CNC model NOVO khách hàng eero', NULL, '2025-06-23 16:00:16', NULL),
	(112, '2025-05-11', 3, '18:30:00.000000', '19:30:00.000000', 'xử lý chi tiết Hỗ trợ lắp ráp khách hàng CVN', NULL, '2025-06-23 16:00:16', NULL),
	(113, '2025-05-11', 4, '11:30:00.000000', '17:15:00.000000', 'Lắp ráp máy dán tape, protect Anam', NULL, '2025-06-23 16:00:16', NULL),
	(114, '2025-05-11', 4, '08:00:00.000000', '11:00:00.000000', 'Hỗ trợ Lắp rap bàn cắt tay gá', NULL, '2025-06-23 16:00:16', NULL),
	(115, '2025-05-11', 5, '17:00:00.000000', '08:00:00.000000', 'Lắp tủ van máy CNC 61', '\\10.0.10.25dataUTILITY3.ULT_SHAREBao cao cong viec nhom Tu dong hoaMr. Văn ThắngTHANG 511-05z6590787829587_58febd83b094e3e43c7ee7e5ea29d989.jpg\r', '2025-06-24 08:27:36', NULL),
	(116, '2025-05-11', 5, '12:00:00.000000', '18:15:00.000000', 'Lắp tủ van, đào Tạo Mr Huân Lắp tủ van máy CNC', NULL, '2025-06-23 16:00:16', NULL),
	(117, '2025-05-11', 5, '13:00:00.000000', '19:00:00.000000', 'khảo sát cac ma bottom backing eero', NULL, '2025-06-23 16:00:16', NULL),
	(118, '2025-05-11', 6, '08:00:00.000000', '10:30:00.000000', 'Nhập file mềm tổng hợp biên bản bào giao tay gá', NULL, '2025-06-23 16:00:16', NULL),
	(119, '2025-05-11', 6, '10:30:00.000000', '17:30:00.000000', 'Lắp ráp tay gá , Gia công những block kê còn thiếu', '\\10.0.10.25dataUTILITY3.ULT_SHAREBao cao cong viec nhom Tu dong hoaMr. Đức Thắng	hang 5\03.14-05z6592209831428_27c043faf668e2cdf2dbc3fa1e1ed036.jpg\r', '2025-06-20 17:18:26', NULL),
	(123, '2025-05-12', 4, '08:30:00.000000', '17:00:00.000000', 'Lắp ráp máy dán tape, protect Anam', NULL, '2025-06-23 16:00:16', NULL),
	(124, '2025-05-12', 4, '08:00:00.000000', '10:00:00.000000', 'Hỗ trợ Lắp rap bàn cắt tay gá', NULL, '2025-06-23 16:00:16', NULL),
	(125, '2025-05-12', 5, '08:15:00.000000', '17:00:00.000000', 'Follow, kết hợp nhà cung cấp thử nghiệm máy tách sản phẩm Mas-v', '\\10.0.10.25dataUTILITY3.ULT_SHAREBao cao cong viec nhom Tu dong hoaMr. Văn ThắngTHANG 512-05z6599138213780_9c592b4280066a4aaff555b6edc84f5b.jpg\r', '2025-06-20 17:18:26', NULL),
	(126, '2025-05-12', 6, '08:00:00.000000', '10:00:00.000000', 'Chuẩn bị tay gá bàn cắt test theo kế hoạch hằng ngày', NULL, '2025-06-23 16:00:16', NULL),
	(127, '2025-05-12', 6, '10:15:00.000000', '12:15:00.000000', 'Tìm bàn cắt , Lắp ráp , follow bàn cắt gate QC9-7005-000', '\\10.0.10.25dataUTILITY3.ULT_SHAREBao cao cong viec nhom Tu dong hoaMr. Đức Thắng	hang 5\03.14-05z6599588317186_edb96b8824e1d3b39e08883f5211b7df.jpg\r', '2025-06-20 17:18:26', NULL),
	(128, '2025-05-12', 6, '13:00:00.000000', '15:00:00.000000', 'Follow tay gá 24hi1139', NULL, '2025-06-23 16:00:16', NULL),
	(129, '2025-05-12', 6, '14:00:00.000000', '17:45:00.000000', 'cắt phôi , Lắp ráp , Follow tay gá 24hi203 ;24hi160', NULL, '2025-06-23 16:00:16', NULL),
	(130, '2025-05-12', 2, '08:00:00.000000', '17:15:00.000000', 'Khảo sát Thiết kế giá Chuyển hàng hot phong in', NULL, '2025-06-23 16:00:16', NULL),
	(131, '2025-05-13', 3, '08:15:00.000000', '12:15:00.000000', 'Gia công Lắp ráp bộ thối khí ngoại quan tự động + hỗ trợ Cắt protect', '\\10.0.10.25dataUTILITY3.ULT_SHAREBao cao cong viec nhom Tu dong hoaMr. Đạt13.3.png\r', '2025-06-20 17:18:26', NULL),
	(132, '2025-05-13', 3, '13:00:00.000000', '17:15:00.000000', 'Gia công lắấp ráp, thử nghiệm máy in tròn', NULL, '2025-06-23 16:00:16', NULL),
	(133, '2025-05-13', 3, '17:15:00.000000', '19:45:00.000000', 'Thiết kế JIG check Teminal model mới foster', '\\10.0.10.25dataUTILITY3.ULT_SHAREBao cao cong viec nhom Tu dong hoaMr. Đạt13.3.1.png\r', '2025-06-20 17:18:26', NULL),
	(134, '2025-05-13', 4, '08:00:00.000000', '20:30:00.000000', 'Lắp ráp, sửa cơ khí máy dán tape, protect Anam', NULL, '2025-06-23 16:00:16', NULL),
	(135, '2025-05-13', 4, '08:15:00.000000', '11:00:00.000000', 'sửa jig dập gasket', NULL, '2025-06-23 16:00:16', NULL),
	(136, '2025-05-13', 5, '00:00:00.000000', '00:00:00.000000', 'Follow, kết hợp nhà cung cấp cải tiến, thử nghiệm máy tách sản phẩm Mas-v', '\\10.0.10.25dataUTILITY3.ULT_SHAREBao cao cong viec nhom Tu dong hoaMr. Văn ThắngTHANG 513-056597788383211.mp4\r', '2025-06-20 17:18:26', NULL),
	(137, '2025-05-13', 6, '08:00:00.000000', '10:00:00.000000', 'Chuẩn bị tay gá bàn cắt test theo kế hoạch hằng ngày', NULL, '2025-06-23 16:00:16', NULL),
	(138, '2025-05-13', 6, '10:00:00.000000', '14:30:00.000000', 'Follow tay gá 24hi251 ; 24hi82 ;24hi1001', NULL, '2025-06-23 16:00:16', NULL),
	(139, '2025-05-13', 6, '10:00:00.000000', '12:00:00.000000', 'cắt gate bàn cắt đa năng QC5-5325-000', '\\10.0.10.25dataUTILITY3.ULT_SHAREBao cao cong viec nhom Tu dong hoaMr. Đức Thắng	hang 5\03.14-05z6599150859501_402a99012b7feaf2a117b87629f1c427.jpg\r', '2025-06-20 17:18:26', NULL),
	(140, '2025-05-13', 6, '14:30:00.000000', '16:15:00.000000', 'Họp new model', NULL, '2025-06-23 16:00:16', NULL),
	(141, '2025-05-13', 6, '17:00:00.000000', '19:00:00.000000', 'check phôi mới về', '\\10.0.10.25dataUTILITY3.ULT_SHAREBao cao cong viec nhom Tu dong hoaMr. Đức Thắng	hang 5\03.14-05z6599151407398_db0ac20c5c7cd654f737569834197f64.jpg\r', '2025-06-20 17:18:26', NULL),
	(142, '2025-05-13', 6, '18:00:00.000000', '21:00:00.000000', 'Dựng hình 3d , xuất bản vẽ chi tiết cơ điện', '\\10.0.10.25dataUTILITY3.ULT_SHAREBao cao cong viec nhom Tu dong hoaMr. Đức Thắng	hang 5\03.14-05z6599150943287_13d806fc8a7a514cff444698c146bf4e.jpg\r', '2025-06-20 17:18:26', NULL),
	(143, '2025-05-13', 2, '08:00:00.000000', '17:15:00.000000', 'Khảo sát Thiết kế giá Chuyển hàng hot phong in', NULL, '2025-06-23 16:00:16', NULL),
	(144, '2025-05-14', 3, '08:00:00.000000', '11:00:00.000000', 'làm giải trình bổ xung báo giá đơn hàng máy check hở khí AMA', NULL, '2025-06-23 16:00:16', NULL),
	(145, '2025-05-14', 3, '08:00:00.000000', '12:15:00.000000', 'Xuất bản vẽ JIG TEST CHỨC NĂNG 663314', NULL, '2025-06-23 16:00:16', NULL),
	(146, '2025-05-14', 3, '09:00:00.000000', '16:00:00.000000', 'HỌP ECN khách hàng eero model NOVO', NULL, '2025-06-23 16:00:16', NULL),
	(147, '2025-05-14', 4, '08:00:00.000000', '20:00:00.000000', 'Lắp ráp, sửa cơ khí máy dán tape, protect Anam', NULL, '2025-06-23 16:00:16', NULL),
	(148, '2025-05-14', 5, '08:00:00.000000', '10:00:00.000000', 'Đấu mạch vi điều khiển với động cơ bước', NULL, '2025-06-23 16:00:16', NULL),
	(149, '2025-05-14', 5, '00:00:00.000000', '00:00:00.000000', 'Khảo sát, làm data các mã bottom eero', NULL, '2025-06-23 16:00:16', NULL),
	(150, '2025-05-14', 6, '08:30:00.000000', '09:30:00.000000', 'Chuẩn bị tay gá bàn cắt test theo kế hoạch hằng ngày', NULL, '2025-06-23 16:00:16', NULL),
	(151, '2025-05-14', 6, '09:30:00.000000', '10:30:00.000000', 'Test tay gá 24hi1143', NULL, '2025-06-23 16:00:16', NULL),
	(152, '2025-05-14', 6, '10:30:00.000000', '11:30:00.000000', 'Test tay gá 24hi244', NULL, '2025-06-23 16:00:16', NULL),
	(153, '2025-05-14', 2, '08:00:00.000000', '10:30:00.000000', 'Khảo sát Thiết kế giá Chuyển hàng hot phong in', NULL, '2025-06-23 16:00:16', NULL),
	(154, '2025-05-14', 2, '11:00:00.000000', '21:00:00.000000', 'Lắp ráp, sửa cơ khí máy dán tape, protect Anam', NULL, '2025-06-23 16:00:16', NULL),
	(155, '2025-05-15', 3, '08:30:00.000000', '11:30:00.000000', 'cắt phôi JIG test chức năng Foster 663314', NULL, '2025-06-23 16:00:16', NULL),
	(156, '2025-05-15', 3, '11:30:00.000000', '15:15:00.000000', 'Kiểm phôi SVP, Ladro, Aledro', NULL, '2025-06-23 16:00:16', NULL),
	(157, '2025-05-15', 3, '14:45:00.000000', '16:45:00.000000', 'Dựng bản vẽ Chi tiết cơ điện', NULL, '2025-06-23 16:00:16', NULL),
	(158, '2025-05-15', 4, '08:30:00.000000', '12:15:00.000000', 'Lắp ráp máy dán tape anam', NULL, '2025-06-23 16:00:16', NULL),
	(159, '2025-05-15', 4, '13:15:00.000000', '16:15:00.000000', 'lấy phôi, Kiểm tra phôi các dự án của LADRO, ALLEGRO , SVP', NULL, '2025-06-23 16:00:16', NULL),
	(160, '2025-05-15', 4, '17:30:00.000000', '20:30:00.000000', 'dựng chi tiết cơ điện, sửa + thêm 1 số chi tiết án dán protect anam', NULL, '2025-06-23 16:00:16', NULL),
	(161, '2025-05-15', 5, '08:00:00.000000', '12:00:00.000000', 'Khảo sát Thiết kế giá Chuyển hàng hot phong in', NULL, '2025-06-23 16:00:16', NULL),
	(162, '2025-05-15', 5, '13:15:00.000000', '17:30:00.000000', 'Tham quan khảo sát dây Chuyển canon', NULL, '2025-06-23 16:00:16', NULL),
	(163, '2025-05-15', 5, '17:30:00.000000', '22:00:00.000000', 'Cắt gate tự động mã QC7-5456-000', NULL, '2025-06-23 16:00:16', NULL),
	(164, '2025-05-15', 6, '08:00:00.000000', '09:45:00.000000', 'Chuẩn bị tay gá bàn cắt test theo kế hoạch hằng ngày', NULL, '2025-06-23 16:00:16', NULL),
	(165, '2025-05-15', 6, '09:45:00.000000', '11:15:00.000000', 'Test tay gá 24HI1142', NULL, '2025-06-23 16:00:16', NULL),
	(166, '2025-05-15', 6, '13:00:00.000000', '15:30:00.000000', 'phân loại ,viết giấy Bàn giao tay gá mới', NULL, '2025-06-23 16:00:16', NULL),
	(167, '2025-05-15', 6, '16:00:00.000000', '20:45:00.000000', 'fl tay gá bàn cắt 24hi1001', NULL, '2025-06-23 16:00:16', NULL),
	(168, '2025-05-15', 2, '08:00:00.000000', '12:15:00.000000', 'Lắp ráp, sửa cơ khí máy dán tape, protect Anam', NULL, '2025-06-23 16:00:16', NULL),
	(169, '2025-05-15', 2, '13:00:00.000000', '17:15:00.000000', 'Tham quan khảo sát dây Chuyển canon', NULL, '2025-06-23 16:00:16', NULL),
	(170, '2025-05-16', 3, '08:30:00.000000', '11:30:00.000000', 'cắt phôi JIG test chức năng Foster 663314', NULL, '2025-06-23 16:00:16', NULL),
	(171, '2025-05-16', 3, '11:30:00.000000', '15:15:00.000000', 'Kiểm phôi SVP, Ladro, Aledro', NULL, '2025-06-23 16:00:16', NULL),
	(172, '2025-05-16', 3, '14:45:00.000000', '16:45:00.000000', 'Dựng bản vẽ Chi tiết cơ điện', NULL, '2025-06-23 16:00:16', NULL),
	(173, '2025-05-16', 4, '08:30:00.000000', '09:45:00.000000', 'Họp đầu giờ', NULL, '2025-06-23 16:00:16', NULL),
	(174, '2025-05-16', 4, '10:00:00.000000', '12:00:00.000000', 'xuất bản vẽ các chi tiết lẻ cơ điện', NULL, '2025-06-23 16:00:16', NULL),
	(175, '2025-05-16', 4, '13:00:00.000000', '14:30:00.000000', 'Xử lý phát sinh jig dập gasket line teneco', NULL, '2025-06-23 16:00:16', NULL),
	(176, '2025-05-16', 4, '15:30:00.000000', '17:30:00.000000', 'cắt phôi còn thiếu dự án jig SVP', NULL, '2025-06-23 16:00:16', NULL),
	(177, '2025-05-16', 5, '08:00:00.000000', '17:30:00.000000', 'Thiết kế xuất bản vẽ giá Chuyển sản phẩm phòng in', '\\10.0.10.25dataUTILITY3.ULT_SHAREBao cao cong viec nhom Tu dong hoaMr. Văn ThắngTHANG 516-05z6615471978695_67722b3c5d222cfe8417c3868583f0c0.jpg\r', '2025-06-20 17:18:26', NULL),
	(178, '2025-05-16', 6, '08:30:00.000000', '09:30:00.000000', 'Chuẩn bị tay gá bàn cắt test theo kế hoạch hằng ngày', NULL, '2025-06-23 16:00:16', NULL),
	(179, '2025-05-16', 2, '08:00:00.000000', '17:30:00.000000', 'Lắp ráp, sửa cơ khí máy dán tape, protect Anam', NULL, '2025-06-23 16:00:16', NULL),
	(180, '2025-05-17', 3, '08:00:00.000000', '11:45:00.000000', 'cắt phôi JIG test chức năng Foster 663314', NULL, '2025-06-23 16:00:16', NULL),
	(181, '2025-05-17', 3, '11:45:00.000000', '15:30:00.000000', 'Kiểm phôi SVP, Ladro, Aledro', NULL, '2025-06-23 16:00:16', NULL),
	(182, '2025-05-17', 3, '15:00:00.000000', '17:15:00.000000', 'Dựng bản vẽ Chi tiết cơ điện', NULL, '2025-06-23 16:00:16', NULL),
	(183, '2025-05-17', 4, '08:00:00.000000', '17:15:00.000000', 'Lắp ráp. Sửa cơ khí máy dán tape anam', NULL, '2025-06-23 16:00:16', NULL),
	(184, '2025-05-17', 5, '00:00:00.000000', '00:00:00.000000', 'Nghỉ tuần', NULL, '2025-06-23 16:00:16', NULL),
	(185, '2025-05-17', 6, '00:00:00.000000', '00:00:00.000000', 'Nghỉ tuần', NULL, '2025-06-23 16:00:16', NULL),
	(186, '2025-05-17', 2, '00:00:00.000000', '00:00:00.000000', 'Nghỉ tuần', NULL, '2025-06-23 16:00:16', NULL),
	(187, '2025-05-18', 3, '08:15:00.000000', '11:30:00.000000', 'Gia công JIG DÁN PROTECT SIDE NOVO', NULL, '2025-06-23 16:00:16', NULL),
	(188, '2025-05-18', 3, '11:30:00.000000', '17:00:00.000000', 'Gia công Mô hình CARA', NULL, '2025-06-23 16:00:16', NULL),
	(189, '2025-05-18', 4, '08:15:00.000000', '15:00:00.000000', '5s, layout tủ bàn thao tác và khu vực làm việc', NULL, '2025-06-23 16:00:16', NULL),
	(190, '2025-05-18', 4, '15:15:00.000000', '17:00:00.000000', 'sửa cơ khí máy check cnc hot laser patria', NULL, '2025-06-23 16:00:16', NULL),
	(191, '2025-05-18', 5, '08:00:00.000000', '14:45:00.000000', 'Layout phòng', NULL, '2025-06-23 16:00:16', NULL),
	(192, '2025-05-19', 3, '00:00:00.000000', '00:00:00.000000', 'Thiết kế chương trình CNC DOE 1.2.3 NOVO', NULL, '2025-06-23 16:00:16', NULL),
	(193, '2025-05-19', 3, '00:00:00.000000', '00:00:00.000000', 'Gia công chi tiết Lắp ráp CVN', NULL, '2025-06-23 16:00:16', NULL),
	(194, '2025-05-19', 3, '15:30:00.000000', '17:30:00.000000', 'chỉnh sửa theo dõi SX JIG in', NULL, '2025-06-23 16:00:16', NULL),
	(195, '2025-05-19', 4, '08:15:00.000000', '14:30:00.000000', 'Lắp rap, sửa cơ khí máy dán tape anam', NULL, '2025-06-23 16:00:16', NULL),
	(196, '2025-05-19', 4, '15:30:00.000000', '20:30:00.000000', 'Kiểm tra, cắt bổ sung phôi còn thiếu dự án SVP', NULL, '2025-06-23 16:00:16', NULL),
	(197, '2025-05-19', 5, '08:15:00.000000', '10:30:00.000000', 'đấu nối mạch vi điều khiển với động cơ bước', NULL, '2025-06-23 16:00:16', NULL),
	(198, '2025-05-19', 5, '15:30:00.000000', '19:30:00.000000', 'Lắp Lắp cảm biến trên băng tải máy 202 chống rơi hàng', NULL, '2025-06-23 16:00:16', NULL),
	(199, '2025-05-19', 5, '11:00:00.000000', '14:30:00.000000', 'FL nhà cung cấp test máy check sản phẩm Mas_v', NULL, '2025-06-23 16:00:16', NULL),
	(200, '2025-05-19', 2, '08:00:00.000000', '17:00:00.000000', 'Lắp ráp, sửa cơ khí máy dán tape, protect Anam', NULL, '2025-06-23 16:00:16', NULL),
	(201, '2025-05-20', 3, '08:15:00.000000', '11:30:00.000000', 'Thiết kế chương trình ,Gia công DOE model NOVO', NULL, '2025-06-23 16:00:16', NULL),
	(202, '2025-05-20', 3, '11:30:00.000000', '14:15:00.000000', 'Lắp bổ xung cover máy dậy retainer line trnerco', NULL, '2025-06-23 16:00:16', NULL),
	(203, '2025-05-20', 3, '15:15:00.000000', '19:15:00.000000', 'Tiếp tục Thiết kế chương trình ,Gia công DOE model NOVO', NULL, '2025-06-23 16:00:16', NULL),
	(204, '2025-05-20', 3, '14:00:00.000000', '17:00:00.000000', 'xử lý công việc phát sinh', NULL, '2025-06-23 16:00:16', NULL),
	(205, '2025-05-20', 4, '08:00:00.000000', '17:15:00.000000', 'Lắp rap, sửa cơ khí máy dán tape anam', NULL, '2025-06-23 16:00:16', NULL),
	(206, '2025-05-20', 5, '08:00:00.000000', '17:15:00.000000', 'Lắp ráp giá Chuyển hàng hot phong in', '\\10.0.10.25dataUTILITY3.ULT_SHAREBao cao cong viec nhom Tu dong hoaMr. Văn ThắngTHANG 520-05z6622643045294_248457c9e492eef03c39fe04a2c2581c.jpg\r', '2025-06-20 17:18:26', NULL),
	(207, '2025-05-20', 5, '13:30:00.000000', '16:30:00.000000', 'Họp sản phẩm mới new model', NULL, '2025-06-23 16:00:16', NULL),
	(208, '2025-05-20', 2, '08:00:00.000000', '17:15:00.000000', 'Lắp ráp, sửa cơ khí máy dán tape, protect Anam', NULL, '2025-06-23 16:00:16', NULL),
	(209, '2025-05-21', 3, '08:15:00.000000', '11:30:00.000000', 'Thiết kế chương trình ,Gia công DOE model NOVO', NULL, '2025-06-23 16:00:16', NULL),
	(210, '2025-05-21', 3, '11:30:00.000000', '14:15:00.000000', 'Lắp bổ xung cover máy dậy retainer line trnerco', NULL, '2025-06-23 16:00:16', NULL),
	(211, '2025-05-21', 3, '15:15:00.000000', '19:15:00.000000', 'Tiếp tục Thiết kế chương trình ,Gia công DOE model NOVO', NULL, '2025-06-23 16:00:16', NULL),
	(212, '2025-05-21', 3, '14:00:00.000000', '17:00:00.000000', 'xử lý công việc phát sinh', NULL, '2025-06-23 16:00:16', NULL),
	(213, '2025-05-21', 4, '08:00:00.000000', '17:00:00.000000', 'Lắp rap, sửa cơ khí máy dán tape anam', NULL, '2025-06-23 16:00:16', NULL),
	(214, '2025-05-21', 5, '08:00:00.000000', '17:15:00.000000', 'Theo tay gá thử khuôn', NULL, '2025-06-23 16:00:16', NULL),
	(215, '2025-05-21', 5, '08:00:00.000000', '11:00:00.000000', 'Lắp driver điều khiển động cơ bước máy laser', NULL, '2025-06-23 16:00:16', NULL),
	(216, '2025-05-21', 5, '08:00:00.000000', '11:00:00.000000', 'Lắp ráp mạch điều khiển động cơ máy laser', '\\10.0.10.25dataUTILITY3.ULT_SHAREBao cao cong viec nhom Tu dong hoaMr. Văn ThắngTHANG 521-05driver.jpg\r', '2025-06-20 17:18:26', NULL),
	(217, '2025-05-21', 2, '08:00:00.000000', '12:15:00.000000', 'Lắp ráp, sửa cơ khí máy dán tape, protect Anam', NULL, '2025-06-23 16:00:16', NULL),
	(218, '2025-05-21', 2, '13:00:00.000000', '17:15:00.000000', 'khảo sát, Thiết kế jig hủy hàng pionneer, trad', NULL, '2025-06-23 16:00:16', NULL),
	(219, '2025-05-22', 3, '08:15:00.000000', '11:30:00.000000', 'Thiết kế chương trình ,Gia công DOE model NOVO', NULL, '2025-06-23 16:00:16', NULL),
	(220, '2025-05-22', 3, '11:30:00.000000', '14:15:00.000000', 'Lắp bổ xung cover máy dậy retainer line trnerco', NULL, '2025-06-23 16:00:16', NULL),
	(221, '2025-05-22', 3, '15:15:00.000000', '19:15:00.000000', 'Tiếp tục Thiết kế chương trình ,Gia công DOE model NOVO', NULL, '2025-06-23 16:00:16', NULL),
	(222, '2025-05-22', 3, '14:00:00.000000', '17:00:00.000000', 'xử lý công việc phát sinh', NULL, '2025-06-23 16:00:16', NULL),
	(223, '2025-05-22', 4, '08:00:00.000000', '17:15:00.000000', 'Lắp rap, sửa cơ khí máy dán tape anam', NULL, '2025-06-23 16:00:16', NULL),
	(224, '2025-05-22', 5, '08:00:00.000000', '17:00:00.000000', 'Lắp điện khí Chuyển hàng hot phong in', '\\10.0.10.25dataUTILITY3.ULT_SHAREBao cao cong viec nhom Tu dong hoaMr. Văn ThắngTHANG 522-05	ruyen.jpg\r', '2025-06-20 17:18:26', NULL),
	(225, '2025-05-22', 5, '08:00:00.000000', '11:00:00.000000', 'khảo sát truyền eero Lắp máy laser', '\\10.0.10.25dataUTILITY3.ULT_SHAREBao cao cong viec nhom Tu dong hoaMr. Văn ThắngTHANG 522-05	ruyen.jpg\r', '2025-06-20 17:18:26', NULL),
	(226, '2025-05-22', 5, '11:15:00.000000', '14:15:00.000000', 'Học máy laser', NULL, '2025-06-23 16:00:16', NULL),
	(227, '2025-05-22', 6, '08:15:00.000000', '09:30:00.000000', 'Chuẩn bị tay gá bàn cắt test theo kế hoạch hằng ngày', NULL, '2025-06-23 16:00:16', NULL),
	(228, '2025-05-22', 6, '09:30:00.000000', '11:30:00.000000', 'TEST TAY GÁ 24HI1096;24HI203', NULL, '2025-06-23 16:00:16', NULL),
	(229, '2025-05-22', 6, '13:00:00.000000', '15:00:00.000000', 'GIA CÔNG TAY GÁ 24HI1150; TEST TAY GÁ', NULL, '2025-06-23 16:00:16', NULL),
	(230, '2025-05-22', 6, '14:00:00.000000', '16:30:00.000000', 'THỬ BÀN CÁT GATE TỰ ĐỘNG RC5-5089-000', NULL, '2025-06-23 16:00:16', NULL),
	(231, '2025-05-22', 2, '08:00:00.000000', '17:00:00.000000', 'Lắp rap, sửa cơ khí máy dán tape anam', NULL, '2025-06-23 16:00:16', NULL),
	(232, '2025-05-23', 3, '08:15:00.000000', '11:30:00.000000', 'Thiết kế chương trình ,Gia công DOE model NOVO', NULL, '2025-06-23 16:00:16', NULL),
	(233, '2025-05-23', 3, '11:30:00.000000', '14:15:00.000000', 'Lắp bổ xung cover máy dậy retainer line trnerco', NULL, '2025-06-23 16:00:16', NULL),
	(234, '2025-05-23', 3, '15:15:00.000000', '19:15:00.000000', 'Tiếp tục Thiết kế chương trình ,Gia công DOE model NOVO', NULL, '2025-06-23 16:00:16', NULL),
	(235, '2025-05-23', 3, '14:00:00.000000', '17:00:00.000000', 'xử lý công việc phát sinh', NULL, '2025-06-23 16:00:16', NULL),
	(236, '2025-05-23', 4, '15:30:00.000000', '17:15:00.000000', 'Lắp rap, sửa cơ khí máy dán tape anam', NULL, '2025-06-23 16:00:16', NULL),
	(237, '2025-05-23', 4, '11:30:00.000000', '15:00:00.000000', 'cắt phôi dự án jig nhét insert yamaha, thử jig ngoài máy', NULL, '2025-06-23 16:00:16', NULL),
	(238, '2025-05-23', 4, '08:00:00.000000', '11:00:00.000000', 'hỗ trợ tháo máy dập hủy hàng pioneeer, trad', NULL, '2025-06-23 16:00:16', NULL),
	(239, '2025-05-23', 5, '08:00:00.000000', '10:30:00.000000', 'Lắp Chuyển hàng hot phong in', NULL, '2025-06-23 16:00:16', NULL),
	(240, '2025-05-23', 5, '11:00:00.000000', '17:30:00.000000', 'Bắn QR code hàng eero', '\\10.0.10.25dataUTILITY3.ULT_SHAREBao cao cong viec nhom Tu dong hoaMr. Văn ThắngTHANG 523-05eero.jpg\r', '2025-06-20 17:18:26', NULL),
	(241, '2025-05-23', 5, '15:00:00.000000', '17:30:00.000000', 'xử lý phát sinh máy 78', '\\10.0.10.25dataUTILITY3.ULT_SHAREBao cao cong viec nhom Tu dong hoaMr. Văn ThắngTHANG 523-0578.jpg\r', '2025-06-20 17:18:26', NULL),
	(242, '2025-05-23', 6, '08:15:00.000000', '09:30:00.000000', 'Chuẩn bị tay gá bàn cắt test theo kế hoạch hằng ngày', NULL, '2025-06-23 16:00:16', NULL),
	(243, '2025-05-23', 6, '10:00:00.000000', '11:30:00.000000', 'cắt gate tự động QC8-0533-000', NULL, '2025-06-23 16:00:16', NULL),
	(244, '2025-05-23', 6, '13:45:00.000000', '16:45:00.000000', 'cắt gate tự động QC5-6003-000', NULL, '2025-06-23 16:00:16', NULL),
	(245, '2025-05-23', 6, '10:00:00.000000', '11:30:00.000000', 'THIẾT KẾ BÀN CẮT 16HI131', NULL, '2025-06-23 16:00:16', NULL),
	(246, '2025-05-23', 6, '13:30:00.000000', '14:30:00.000000', 'THIẾT KẾ BÀN CẮT QC8-0533-000', NULL, '2025-06-23 16:00:16', NULL),
	(247, '2025-05-23', 2, '08:00:00.000000', '12:15:00.000000', 'tháo máy dập hủy hàng pioneeer, trad', NULL, '2025-06-23 16:00:16', NULL),
	(248, '2025-05-23', 2, '13:00:00.000000', '17:15:00.000000', 'Thiết kế jig dập hàng hủy pionneer, trad', NULL, '2025-06-23 16:00:16', NULL),
	(249, '2025-05-24', 3, '08:15:00.000000', '11:30:00.000000', 'Thiết kế chương trình ,Gia công DOE model NOVO', NULL, '2025-06-23 16:00:16', NULL),
	(250, '2025-05-24', 3, '11:30:00.000000', '14:15:00.000000', 'Lắp bổ xung cover máy dậy retainer line trnerco', NULL, '2025-06-23 16:00:16', NULL),
	(251, '2025-05-24', 3, '15:15:00.000000', '19:15:00.000000', 'Tiếp tục Thiết kế chương trình ,Gia công DOE model NOVO', NULL, '2025-06-23 16:00:16', NULL),
	(252, '2025-05-24', 3, '14:00:00.000000', '17:00:00.000000', 'xử lý công việc phát sinh', NULL, '2025-06-23 16:00:16', NULL),
	(253, '2025-05-24', 4, '00:00:00.000000', '00:00:00.000000', 'Nghỉ tuần', NULL, '2025-06-23 16:00:16', NULL),
	(254, '2025-05-24', 5, '08:00:00.000000', '17:00:00.000000', 'Theo tay gá thử khuôn', NULL, '2025-06-23 16:00:16', NULL),
	(255, '2025-05-24', 5, '11:00:00.000000', '13:00:00.000000', 'Bắn QR code hàng eero', '\\10.0.10.25dataUTILITY3.ULT_SHAREBao cao cong viec nhom Tu dong hoaMr. Văn ThắngTHANG 524-05EERO.jpg\r', '2025-06-20 17:18:26', NULL),
	(256, '2025-05-24', 5, '14:30:00.000000', '17:15:00.000000', 'Bắn QR code hàng SVP', '\\10.0.10.25dataUTILITY3.ULT_SHAREBao cao cong viec nhom Tu dong hoaMr. Văn ThắngTHANG 524-05SVP.jpg\r', '2025-06-20 17:18:26', NULL),
	(257, '2025-05-24', 2, '08:00:00.000000', '17:15:00.000000', 'Thiết kế jig dập hàng hủy pionneer, trad', NULL, '2025-06-23 16:00:16', NULL),
	(258, '2025-05-26', 3, '08:15:00.000000', '11:30:00.000000', 'Thiết kế chương trình ,Gia công DOE model NOVO', NULL, '2025-06-23 16:00:16', NULL),
	(259, '2025-05-26', 3, '11:30:00.000000', '14:15:00.000000', 'Lắp bổ xung cover máy dậy retainer line trnerco', NULL, '2025-06-23 16:00:16', NULL),
	(260, '2025-05-26', 3, '15:15:00.000000', '19:15:00.000000', 'Tiếp tục Thiết kế chương trình ,Gia công DOE model NOVO', NULL, '2025-06-23 16:00:16', NULL),
	(261, '2025-05-26', 3, '14:00:00.000000', '17:00:00.000000', 'xử lý công việc phát sinh', NULL, '2025-06-23 16:00:16', NULL),
	(262, '2025-05-26', 4, '08:00:00.000000', '10:00:00.000000', 'Họp đầu giờ', NULL, '2025-06-23 16:00:16', NULL),
	(263, '2025-05-26', 4, '10:30:00.000000', '16:30:00.000000', 'laser tên, mã bộ jig svp', NULL, '2025-06-23 16:00:16', NULL),
	(264, '2025-05-26', 4, '17:15:00.000000', '18:45:00.000000', 'sửa 1 số chi tiết cơ khí máy dán protect anam', NULL, '2025-06-23 16:00:16', NULL),
	(265, '2025-05-26', 5, '08:00:00.000000', '12:15:00.000000', 'Test thử giá Chuyển hàng phòng in', '\\10.0.10.25dataUTILITY3.ULT_SHAREBao cao cong viec nhom Tu dong hoaMr. Văn ThắngTHANG 526-05GIA PHONG IN.mp4\r', '2025-06-20 17:18:26', NULL),
	(266, '2025-05-26', 5, '11:00:00.000000', '14:00:00.000000', 'Chuyển máy check sản phẩm Mas-V trả NCC', '\\10.0.10.25dataUTILITY3.ULT_SHAREBao cao cong viec nhom Tu dong hoaMr. Văn ThắngTHANG 526-05MAY CHECK.jpg\r', '2025-06-20 17:18:26', NULL),
	(267, '2025-05-26', 5, '14:30:00.000000', '17:15:00.000000', 'Hỗ trợ Thiết kế tay gá khách hàng AMA', NULL, '2025-06-23 16:00:16', NULL),
	(268, '2025-05-26', 6, '08:00:00.000000', '09:30:00.000000', 'Chuẩn bị tay gá bàn cắt test theo kế hoạch hằng ngày', NULL, '2025-06-23 16:00:16', NULL),
	(269, '2025-05-26', 6, '13:30:00.000000', '15:30:00.000000', 'TEST TAY GÁ 24HI38', NULL, '2025-06-23 16:00:16', NULL),
	(270, '2025-05-26', 6, '13:30:00.000000', '15:30:00.000000', 'GIA CÔNG TAY GÁ 24HI44', NULL, '2025-06-23 16:00:16', NULL),
	(271, '2025-05-26', 6, '10:30:00.000000', '17:15:00.000000', 'THIẾT KẾ TAY GÁ MỚI 25HI1020;25HI1021;25HI1022;24HI1150;25HI1027;25HI1025;24HI1076', NULL, '2025-06-23 16:00:16', NULL),
	(272, '2025-05-26', 2, '00:00:00.000000', '00:00:00.000000', 'Nghỉ không lương', NULL, '2025-06-23 16:00:16', NULL),
	(273, '2025-05-27', 3, '08:15:00.000000', '11:30:00.000000', 'Thiết kế chương trình ,Gia công DOE model NOVO', NULL, '2025-06-23 16:00:16', NULL),
	(274, '2025-05-27', 3, '11:30:00.000000', '14:15:00.000000', 'Lắp bổ xung cover máy dậy retainer line trnerco', NULL, '2025-06-23 16:00:16', NULL),
	(275, '2025-05-27', 3, '15:15:00.000000', '19:15:00.000000', 'Tiếp tục Thiết kế chương trình ,Gia công DOE model NOVO', NULL, '2025-06-23 16:00:16', NULL),
	(276, '2025-05-27', 3, '14:00:00.000000', '17:00:00.000000', 'xử lý công việc phát sinh', NULL, '2025-06-23 16:00:16', NULL),
	(277, '2025-05-27', 4, '00:00:00.000000', '00:00:00.000000', 'nghỉ phép', NULL, '2025-06-23 16:00:16', NULL),
	(278, '2025-05-27', 5, '08:00:00.000000', '12:15:00.000000', 'Xử lý giá Chuyển hàng phòng in (làm giảm tốc độ nảy khay)', '\\10.0.10.25dataUTILITY3.ULT_SHAREBao cao cong viec nhom Tu dong hoaMr. Văn ThắngTHANG 527-05gia.jpg\r', '2025-06-20 17:18:26', NULL),
	(279, '2025-05-27', 5, '11:00:00.000000', '14:00:00.000000', 'Theo test bàn cắt 432-00115', '\\10.0.10.25dataUTILITY3.ULT_SHAREBao cao cong viec nhom Tu dong hoaMr. Văn ThắngTHANG 527-05gate.jpg\r', '2025-06-20 17:18:26', NULL),
	(280, '2025-05-27', 5, '14:00:00.000000', '17:15:00.000000', 'Hỗ trợ Thiết kế tay gá khách hàng AMA', NULL, '2025-06-23 16:00:16', NULL),
	(281, '2025-05-27', 6, '08:15:00.000000', '09:30:00.000000', 'Chuẩn bị tay gá bàn cắt test theo kế hoạch hằng ngày', NULL, '2025-06-23 16:00:16', NULL),
	(282, '2025-05-27', 6, '10:00:00.000000', '11:15:00.000000', 'GIA CÔNG TAY GÁ 24HI266 ; TEST TAY GÁ', NULL, '2025-06-23 16:00:16', NULL),
	(283, '2025-05-27', 6, '10:30:00.000000', '17:00:00.000000', 'THIẾT KẾ TAY GÁ MỚI 25HI1033;25HI1034;25HI1035;25HI103625HI1037', NULL, '2025-06-23 16:00:16', NULL),
	(284, '2025-05-27', 6, '14:00:00.000000', '17:00:00.000000', 'HỌP NEWMODELL', NULL, '2025-06-23 16:00:16', NULL),
	(285, '2025-05-27', 2, '08:00:00.000000', '17:15:00.000000', 'Thiết kế jig dập hàng hủy pionneer, trad', NULL, '2025-06-23 16:00:16', NULL),
	(286, '2025-05-28', 3, '00:00:00.000000', '00:00:00.000000', '', NULL, '2025-06-23 16:00:16', NULL),
	(287, '2025-05-28', 3, '00:00:00.000000', '00:00:00.000000', '', NULL, '2025-06-23 16:00:16', NULL),
	(288, '2025-05-28', 5, '08:00:00.000000', '12:00:00.000000', 'Thiết kế tay gá khách hàng Ama ( 3 mã)', NULL, '2025-06-23 16:00:16', NULL),
	(289, '2025-05-28', 5, '13:00:00.000000', '16:30:00.000000', 'Xử lý giá Chuyển hàng phòng in', NULL, '2025-06-23 16:00:16', NULL),
	(290, '2025-05-28', 6, '08:30:00.000000', '09:30:00.000000', 'Chuẩn bị tay gá bàn cắt test theo kế hoạch hằng ngày', NULL, '2025-06-23 16:00:16', NULL),
	(291, '2025-05-28', 6, '08:00:00.000000', '09:00:00.000000', 'đi lấy tay gá tăng cứng QC7-4044-000', NULL, '2025-06-23 16:00:16', NULL),
	(292, '2025-05-28', 6, '10:00:00.000000', '11:30:00.000000', 'Thiết kế tay gá má kẹp 25hi1038', NULL, '2025-06-23 16:00:16', NULL),
	(293, '2025-05-28', 6, '13:00:00.000000', '14:00:00.000000', 'LASER TAY GÁ 24HI266', NULL, '2025-06-23 16:00:16', NULL),
	(294, '2025-05-28', 6, '13:00:00.000000', '15:30:00.000000', 'Cắt tự động 302YJ05810-1', NULL, '2025-06-23 16:00:16', NULL),
	(295, '2025-05-28', 6, '16:00:00.000000', '17:00:00.000000', 'Thiết kế tay gá RD-CBU086-D', NULL, '2025-06-23 16:00:16', NULL),
	(296, '2025-05-28', 6, '17:00:00.000000', '18:30:00.000000', 'LÀM LAYOUT tủ vật tư tay gá , 5s', NULL, '2025-06-23 16:00:16', NULL),
	(297, '2025-05-28', 2, '08:00:00.000000', '12:15:00.000000', 'làm tăng cứng tay gá', NULL, '2025-06-23 16:00:16', NULL),
	(298, '2025-05-28', 2, '13:00:00.000000', '17:15:00.000000', 'Thiết kế jig dập hàng hủy pionneer, trad', NULL, '2025-06-23 16:00:16', NULL),
	(299, '2025-05-29', 5, '08:00:00.000000', '17:15:00.000000', 'Theo tay gá thử khuôn', NULL, '2025-06-23 16:00:16', NULL),
	(300, '2025-05-29', 5, '08:00:00.000000', '11:45:00.000000', 'Thiết kế tay gá khách hàng Ama ( 5 mã)', NULL, '2025-06-23 16:00:16', NULL),
	(301, '2025-05-30', 5, '08:00:00.000000', '11:00:00.000000', 'Xử lý đơn hàng vật tư ( đặt hàng vật tư)', NULL, '2025-06-23 16:00:16', NULL),
	(302, '2025-05-30', 5, '11:00:00.000000', '17:00:00.000000', 'Nghiên cứu cơ cấu Karakuri Kaizen', NULL, '2025-06-23 16:00:16', NULL),
	(303, '2025-05-30', 6, '08:30:00.000000', '09:30:00.000000', 'Chuẩn bị tay gá bàn cắt test theo kế hoạch hằng ngày', NULL, '2025-06-23 16:00:16', NULL),
	(304, '2025-05-30', 6, '08:00:00.000000', '09:00:00.000000', 'check Gia công tay gá', NULL, '2025-06-23 16:00:16', NULL),
	(305, '2025-05-30', 6, '10:00:00.000000', '11:30:00.000000', 'tổng Họp data khuôn về các ổ khách hàng', NULL, '2025-06-23 16:00:16', NULL),
	(306, '2025-05-30', 6, '11:00:00.000000', '12:30:00.000000', 'Chuyển file trên phần mềm cimatrone về file step 24hi31,24hi30', NULL, '2025-06-23 16:00:16', NULL),
	(307, '2025-05-30', 6, '13:00:00.000000', '14:00:00.000000', 'Thiết kế tay gá 24hi1120', NULL, '2025-06-23 16:00:16', NULL),
	(308, '2025-05-30', 6, '15:00:00.000000', '16:30:00.000000', 'làm giải trình mua hàng kìm cắt', NULL, '2025-06-23 16:00:16', NULL),
	(309, '2025-05-30', 6, '14:00:00.000000', '15:00:00.000000', 'tắt cắt gate 24hi109', NULL, '2025-06-23 16:00:16', NULL),
	(310, '2025-05-30', 2, '08:00:00.000000', '12:15:00.000000', '', NULL, '2025-06-23 16:00:16', NULL),
	(311, '2025-05-30', 2, '13:00:00.000000', '17:15:00.000000', '', NULL, '2025-06-23 16:00:16', NULL),
	(312, '2025-06-02', 5, '08:00:00.000000', '15:30:00.000000', 'Lắp ráp giá Chuyển hàng hot phong in cải tiến', '\\10.0.10.25dataUTILITY3.ULT_SHAREBao cao cong viec nhom Tu dong hoaMr. Văn ThắngTHANG 6\02-06GIA.jpg\r', '2025-06-20 17:18:26', NULL),
	(313, '2025-06-03', 3, '08:00:00.000000', '10:30:00.000000', 'Gia Công đồ giá, thử nghiệm dụng cụ đo Z mới, thử nghiệm trên mã hàng 425 00052', NULL, '2025-06-23 16:00:16', NULL),
	(314, '2025-06-03', 3, '11:30:00.000000', '13:30:00.000000', 'Lên đơn hàng vật tư điện cơ khí Máy check HOT LAZER CNC FF, ANYTOWN', NULL, '2025-06-23 16:00:16', NULL),
	(315, '2025-06-03', 3, '13:00:00.000000', '15:00:00.000000', 'Chỉnh sửa bản vẽ lưới in KH SVP', NULL, '2025-06-23 16:00:16', NULL),
	(316, '2025-06-03', 3, '14:30:00.000000', '17:00:00.000000', 'Thiết kế , xuất bản vẽ Cơ cấu đánh dấu máy check TRAD', NULL, '2025-06-23 16:00:16', NULL),
	(317, '2025-06-03', 4, '08:00:00.000000', '15:15:00.000000', 'Hỗ trợ lắp bàn cắt, tay gá', '\\10.0.10.25dataUTILITY3.ULT_SHAREBao cao cong viec nhom Tu dong hoaMr. Công\05.05z6574059434275_6955ead51b2f062743b7b3db09e4191f.jpg\r', '2025-06-20 17:18:26', NULL),
	(318, '2025-06-03', 4, '16:00:00.000000', '18:30:00.000000', 'Lắp điện jig check cnc, hot, laser', '\\10.0.10.25dataUTILITY3.ULT_SHAREBao cao cong viec nhom Tu dong hoaMr. Công\05.05z6574058828950_09ad0e9178a1125c2cf6d4421f27e019.jpg\r', '2025-06-20 17:18:26', NULL),
	(319, '2025-06-03', 4, '19:00:00.000000', '21:00:00.000000', 'cắt phôi dự án máy dán tape', '\\10.0.10.25dataUTILITY3.ULT_SHAREBao cao cong viec nhom Tu dong hoaMr. Công\05.05z6574059486888_280889084cbf3658b1b9339ebf6a325a.jpg\r', '2025-06-20 17:18:26', NULL),
	(320, '2025-06-03', 5, '08:00:00.000000', '10:30:00.000000', 'Xử lý tủ điện CNC 63 ( đứt dây tín hiệu cảm biến)', NULL, '2025-06-23 16:00:16', NULL),
	(321, '2025-06-03', 5, '11:00:00.000000', '17:30:00.000000', 'Hỗ trợ Thiết kế tay gá khách hàng AMA', NULL, '2025-06-23 16:00:16', NULL),
	(322, '2025-06-03', 6, '08:00:00.000000', '11:30:00.000000', 'Lắp ráp , Follow tay gá bàn cắt cải tiến 24HI1075', '\\10.0.10.25dataUTILITY3.ULT_SHAREBao cao cong viec nhom Tu dong hoaMr. Đức Thắng	hang 5\01.05-05z6571545757902_2b2c02c5a5371c2a69b78830511470f3.jpg\r', '2025-06-20 17:18:26', NULL),
	(323, '2025-06-03', 6, '08:00:00.000000', '11:30:00.000000', 'Lắp ráp ,Chuẩn bị tay gá test theo kế hoạch thử khuôn 24hi264; 24hi1139;24hi243', NULL, '2025-06-23 16:00:16', NULL),
	(324, '2025-06-03', 6, '10:00:00.000000', '11:00:00.000000', 'Lấy mẫu sản phẩm làm tay gá 24hi274', '\\10.0.10.25dataUTILITY3.ULT_SHAREBao cao cong viec nhom Tu dong hoaMr. Đức Thắng	hang 5\01.05-05z6571630816519_a46bce3ca04b0bf4c50d782951f48a30.jpg\r', '2025-06-20 17:18:26', NULL),
	(325, '2025-06-03', 6, '14:00:00.000000', '16:00:00.000000', 'Test tay gá 24hi1139', NULL, '2025-06-23 16:00:16', NULL),
	(326, '2025-06-03', 6, '14:00:00.000000', '15:00:00.000000', 'Lấy mẫu sản phẩm làm tay gá 25hi1026', '\\10.0.10.25dataUTILITY3.ULT_SHAREBao cao cong viec nhom Tu dong hoaMr. Đức Thắng	hang 5\01.05-05z6571616405482_728ac697c27ba560fe6e712ffda270cf.jpg\r', '2025-06-20 17:18:26', NULL),
	(327, '2025-06-03', 6, '16:00:00.000000', '18:00:00.000000', 'Test tay gá 24hi243', NULL, '2025-06-23 16:00:16', NULL),
	(328, '2025-06-03', 6, '16:00:00.000000', '17:00:00.000000', 'Lấy mẫu sản phẩm làm tay gá 25hi1023', '\\10.0.10.25dataUTILITY3.ULT_SHAREBao cao cong viec nhom Tu dong hoaMr. Đức Thắng	hang 5\01.05-05z6571616280226_350856a9471f3932878e87c836c67268.jpg\r', '2025-06-20 17:18:26', NULL),
	(329, '2025-06-03', 6, '13:00:00.000000', '20:00:00.000000', 'Lắp ráp tay gá :25hi65 ; 24hi172 ; 24hi1158 ;24hi45; 24hi245 ; 24hi1155;24hi1156;24hi1025; 24hi1131;24hi1161; 24hi161; 24hi1145; 24hi1014 ;24hi1140', '\\10.0.10.25dataUTILITY3.ULT_SHAREBao cao cong viec nhom Tu dong hoaMr. Đức Thắng	hang 5\01.05-05z6571542327076_253b86b3507fc2a5c414a2522a86c480.jpg\r', '2025-06-20 17:18:26', NULL),
	(330, '2025-06-04', 3, '08:30:00.000000', '18:30:00.000000', 'Thiết kế Máy + JIG in tròn SVP', '\\10.0.10.25dataUTILITY3.ULT_SHAREBao cao cong viec nhom Tu dong hoaMr. Đạt\06.01.png\r', '2025-06-20 17:18:26', NULL),
	(331, '2025-06-04', 3, '13:30:00.000000', '18:30:00.000000', 'Nhận , khảo sát thông tin cải tiến và xử lý phát sinh trong xưởng', NULL, '2025-06-23 16:00:16', NULL),
	(332, '2025-06-04', 3, '19:00:00.000000', '21:30:00.000000', 'Thiết kế robot SCA', '\\10.0.10.25dataUTILITY3.ULT_SHAREBao cao cong viec nhom Tu dong hoaMr. Đạt\06.2.png\r', '2025-06-20 17:18:26', NULL),
	(333, '2025-06-04', 4, '08:15:00.000000', '09:30:00.000000', 'Họp đầu giờ', NULL, '2025-06-23 16:00:16', NULL),
	(334, '2025-06-04', 4, '10:30:00.000000', '12:15:00.000000', 'Kiểm tra vật tư, cắt phôi dự án máy dán protect, tape', NULL, '2025-06-23 16:00:16', NULL),
	(335, '2025-06-04', 4, '13:00:00.000000', '16:30:00.000000', 'Hỗ trợ lắp bàn cắt, tay gá', NULL, '2025-06-23 16:00:16', NULL),
	(336, '2025-06-04', 4, '17:30:00.000000', '20:15:00.000000', 'Phân loại và viết biên bản Bàn giao tay gá', NULL, '2025-06-23 16:00:16', NULL),
	(337, '2025-06-04', 5, '13:00:00.000000', '15:15:00.000000', 'layout tủ để tài liêu, tủ dụng cụ bupong', '\\10.0.10.25dataUTILITY3.ULT_SHAREBao cao cong viec nhom Tu dong hoaMr. Văn ThắngTHANG 6\04-06	u.jpg\r', '2025-06-20 17:18:26', NULL),
	(338, '2025-06-04', 5, '00:00:00.000000', '00:00:00.000000', 'Hô trợ Thử tay gá bàn cắt 23HI1042', NULL, '2025-06-23 16:00:16', NULL),
	(339, '2025-06-04', 6, '09:00:00.000000', '11:00:00.000000', 'Check kế hoạch thử khuôn và Chuẩn bị tay gá test theo kế hoạch', NULL, '2025-06-23 16:00:16', NULL),
	(340, '2025-06-04', 6, '11:00:00.000000', '12:15:00.000000', 'Tạo mã erp mua phôi , cút hút chéo, làm giải trình mua hàng', NULL, '2025-06-23 16:00:16', NULL),
	(341, '2025-06-04', 6, '14:00:00.000000', '17:00:00.000000', 'Họp sản phẩm mới new model', NULL, '2025-06-23 16:00:16', NULL),
	(342, '2025-06-04', 6, '17:00:00.000000', '17:45:00.000000', 'Họp cắt gate', NULL, '2025-06-23 16:00:16', NULL),
	(343, '2025-06-04', 6, '17:30:00.000000', '18:30:00.000000', 'Phân loại và viết biên bản Bàn giao tay gá', NULL, '2025-06-23 16:00:16', NULL),
	(344, '2025-06-04', 6, '19:30:00.000000', '21:15:00.000000', 'Thiết kế tay gá : 24HI1088 ; 24HI274 ; 25HI1024 ;25HI1026 ; 25HI1023 ; 25HI1013', NULL, '2025-06-23 16:00:16', NULL),
	(345, '2025-06-05', 3, '08:15:00.000000', '12:15:00.000000', 'Tạo phôi, Gia công chi tiệt máy in tròn', NULL, '2025-06-23 16:00:16', NULL),
	(346, '2025-06-05', 3, '10:30:00.000000', '19:30:00.000000', 'Thiết kế Robot SCARA', NULL, '2025-06-23 16:00:16', NULL),
	(347, '2025-06-05', 3, '14:30:00.000000', '17:30:00.000000', 'Xử lý phát sinh hạng mục jig trong nhà máy, 5s Phát sinh', NULL, '2025-06-23 16:00:16', NULL),
	(348, '2025-06-05', 4, '08:00:00.000000', '10:30:00.000000', 'Kiểm tra số lượng vật tư điện, vật tư Lắp ráp jig , máy, tay gá để đặt vật tư', NULL, '2025-06-23 16:00:16', NULL),
	(349, '2025-06-05', 4, '11:30:00.000000', '12:15:00.000000', 'Sửa jig check cnc hot laser patria', NULL, '2025-06-23 16:00:16', NULL),
	(350, '2025-06-05', 4, '13:00:00.000000', '17:00:00.000000', '5s khu tự để hàng tay gá, hàng thử sản phẩm tay gá, layout thùng đựng chi tiết dùng khi Lắp ráp jig/ máy / tay gá', NULL, '2025-06-23 16:00:16', NULL),
	(351, '2025-06-05', 5, '08:00:00.000000', '12:15:00.000000', 'Tham quan triển lãm vietnam plas', NULL, '2025-06-23 16:00:16', NULL),
	(352, '2025-06-05', 5, '13:00:00.000000', '17:15:00.000000', 'Lắp ráp giá Chuyển hàng hot phong in cải tiến', '\\10.0.10.25dataUTILITY3.ULT_SHAREBao cao cong viec nhom Tu dong hoaMr. Văn ThắngTHANG 6\05-06z6678991269859_745d00b96bf08985b221ab3c9c084ada.jpg\r', '2025-06-20 17:18:26', NULL),
	(353, '2025-06-05', 6, '08:00:00.000000', '10:00:00.000000', 'Chuẩn bị tay gá bàn cắt test theo kế hoạch hằng ngày', NULL, '2025-06-23 16:00:16', NULL),
	(354, '2025-06-05', 6, '09:00:00.000000', '10:00:00.000000', 'Chuyển tay gá bàn cắt Lắp ráp xong sang kỹ thuật', NULL, '2025-06-23 16:00:16', NULL),
	(355, '2025-06-05', 6, '10:00:00.000000', '12:00:00.000000', 'Follow tay gá 24HI1151', NULL, '2025-06-23 16:00:16', NULL),
	(356, '2025-06-05', 6, '12:00:00.000000', '12:15:00.000000', 'Tìm bàn cắt gate 21HI1111', NULL, '2025-06-23 16:00:16', NULL),
	(357, '2025-06-05', 6, '13:00:00.000000', '16:00:00.000000', 'Follow tay gá 24HI205 ; 24HI1095', NULL, '2025-06-23 16:00:16', NULL),
	(358, '2025-06-05', 6, '15:00:00.000000', '17:00:00.000000', 'Thiết kế bàn cắt 22HI1115', NULL, '2025-06-23 16:00:16', NULL),
	(359, '2025-06-05', 6, '17:00:00.000000', '21:45:00.000000', 'Dựng 2D Thiết kế tay gá 24HI257;  24HI273; 24HI275 ; 25HI32', '\\10.0.10.25dataUTILITY3.ULT_SHAREBao cao cong viec nhom Tu dong hoaMr. Đức Thắng	hang 5\02.07-05z6579745431521_22ce17edd734ef94702a734265ac31d3.jpg\r', '2025-06-20 17:18:26', NULL),
	(360, '2025-06-06', 3, '08:00:00.000000', '16:30:00.000000', 'Thiết kế, làm DFM sửa khuôn, Đặt hàng JIG NHÉT INSERT AMA', NULL, '2025-06-23 16:00:16', NULL),
	(361, '2025-06-06', 3, '13:00:00.000000', '14:30:00.000000', 'Xử lý đơn hàng máy check hở khí AMA', NULL, '2025-06-23 16:00:16', NULL),
	(362, '2025-06-06', 3, '16:00:00.000000', '20:45:00.000000', 'Thiết kế ROBOT SCARA', NULL, '2025-06-23 16:00:16', NULL),
	(363, '2025-06-06', 4, '08:15:00.000000', '09:30:00.000000', 'Họp đầu giờ', NULL, '2025-06-23 16:00:16', NULL),
	(364, '2025-06-06', 4, '10:30:00.000000', '15:30:00.000000', 'Hỗ trợ lắp bàn cắt, tay gá, Tìm bàn cắt tay gs Bàn giao kí thuật Lắp trên máy 209,207', NULL, '2025-06-23 16:00:16', NULL),
	(365, '2025-06-06', 4, '16:00:00.000000', '19:30:00.000000', 'layout kit đựng vật tư,tìm tay gá RC6-8671, tháo bỏ các jig cũ không còn sử dụng', NULL, '2025-06-23 16:00:16', NULL),
	(366, '2025-06-06', 5, '08:00:00.000000', '17:15:00.000000', 'Lên phương án, test thử laser tự động mã 432-00041', NULL, '2025-06-23 16:00:16', NULL),
	(367, '2025-06-07', 3, '08:30:00.000000', '12:15:00.000000', 'Tính toán momen xoắn tay ro boort 6 trục', NULL, '2025-06-23 16:00:16', NULL),
	(368, '2025-06-07', 3, '13:00:00.000000', '17:15:00.000000', 'Gia công chi tiết máy in SVP', NULL, '2025-06-23 16:00:16', NULL),
	(369, '2025-06-07', 4, '08:00:00.000000', '20:45:00.000000', 'Xử lý phát sinh line Teneco', NULL, '2025-06-23 16:00:16', NULL),
	(370, '2025-06-07', 4, '11:00:00.000000', '15:30:00.000000', 'Hỗ trợ lắp tay gá bàn cắt', NULL, '2025-06-23 16:00:16', NULL),
	(371, '2025-06-07', 4, '16:30:00.000000', '17:15:00.000000', 'Tạo phôi chi tiet canon', NULL, '2025-06-23 16:00:16', NULL),
	(372, '2025-06-07', 6, '08:00:00.000000', '10:00:00.000000', 'Chuẩn bị tay gá bàn cắt test theo kế hoạch hằng ngày', NULL, '2025-06-23 16:00:16', NULL),
	(373, '2025-06-07', 6, '10:00:00.000000', '11:30:00.000000', 'Lắp bàn cắt gate đa năng CL004190N FOLLOW cắt gate', NULL, '2025-06-23 16:00:16', NULL),
	(374, '2025-06-07', 6, '11:00:00.000000', '12:15:00.000000', 'Sửa tay gá QC9-0105-11A; 21A; 31A', NULL, '2025-06-23 16:00:16', NULL),
	(375, '2025-06-07', 6, '14:00:00.000000', '15:00:00.000000', 'Thử tay gá 24hi1125', NULL, '2025-06-23 16:00:16', NULL),
	(376, '2025-06-07', 6, '15:30:00.000000', '21:15:00.000000', 'Bàn giao tay gá bàn cắt', NULL, '2025-06-23 16:00:16', NULL),
	(377, '2025-06-07', 6, '18:00:00.000000', '19:00:00.000000', 'Thử tay gá 24HI255', NULL, '2025-06-23 16:00:16', NULL),
	(378, '2025-06-07', 6, '17:00:00.000000', '18:00:00.000000', 'Tìm tay gá bàn cắt 24HI1095, 24HI1151 VỀ BÀN GIAO', NULL, '2025-06-23 16:00:16', NULL),
	(379, '2025-06-07', 6, '20:00:00.000000', '21:15:00.000000', 'Thiết kế bàn cắt QC8-0535-000 ; bàn cắt CL004190N', NULL, '2025-06-23 16:00:16', NULL),
	(380, '2025-06-08', 3, '08:30:00.000000', '10:15:00.000000', 'GIA CÔNG , THỬ NGHIỆM CƠ CẤU HÃM JIG CNC LADRO', NULL, '2025-06-23 16:00:16', NULL),
	(381, '2025-06-08', 3, '10:30:00.000000', '14:00:00.000000', 'CẮT PHÔI JIG IN QL3 1784', NULL, '2025-06-23 16:00:16', NULL),
	(382, '2025-06-08', 3, '13:00:00.000000', '17:15:00.000000', 'THIẾT KẾ JIG DẬP COLAR YAMAHA', NULL, '2025-06-23 16:00:16', NULL),
	(383, '2025-06-08', 4, '00:00:00.000000', '00:00:00.000000', 'Nghỉ tuần', 'S\r', '2025-06-20 17:18:26', NULL),
	(384, '2025-06-08', 5, '08:00:00.000000', '12:15:00.000000', 'Lắp tủ van máy CNC 58', '\\10.0.10.25dataUTILITY3.ULT_SHAREBao cao cong viec nhom Tu dong hoaMr. Văn ThắngTHANG 6\08-06	u van.jpg\r', '2025-06-20 17:18:26', NULL),
	(385, '2025-06-08', 5, '13:00:00.000000', '17:15:00.000000', 'Gia công Lắp ráp gá máy laser', '\\10.0.10.25dataUTILITY3.ULT_SHAREBao cao cong viec nhom Tu dong hoaMr. Văn ThắngTHANG 6\08-06ga laser.jpg\r', '2025-06-20 17:18:26', NULL),
	(386, '2025-06-08', 6, '00:00:00.000000', '00:00:00.000000', 'Nghỉ tuần', NULL, '2025-06-23 16:00:16', NULL),
	(387, '2025-06-09', 3, '09:00:00.000000', '12:15:00.000000', 'BÁO GIÁ XUẤT BẢN VẼ JIG DẬP COLAR YAMAHA', NULL, '2025-06-23 16:00:16', NULL),
	(388, '2025-06-09', 3, '12:00:00.000000', '17:15:00.000000', 'XỬ LÝ PHÁT SINH CÁC JIG HỎNG MODEL PATRIA KH eero', NULL, '2025-06-23 16:00:16', NULL),
	(389, '2025-06-09', 4, '13:00:00.000000', '17:15:00.000000', 'Lắp ráp máy dán tape, protect Anam', NULL, '2025-06-23 16:00:16', NULL),
	(390, '2025-06-09', 4, '08:00:00.000000', '11:00:00.000000', 'Hỗ trợ Lắp rap bàn cắt tay gá', NULL, '2025-06-23 16:00:16', NULL),
	(391, '2025-06-09', 5, '08:00:00.000000', '12:15:00.000000', 'Chuyển máy từ K-tech về HTMP', NULL, '2025-06-23 16:00:16', NULL),
	(392, '2025-06-09', 5, '13:30:00.000000', '16:30:00.000000', 'Xử lý yêu cầu sản xuất', NULL, '2025-06-23 16:00:16', NULL),
	(393, '2025-06-09', 6, '08:00:00.000000', '10:30:00.000000', 'Nhập file mềm tổng hợp biên bản bào giao tay gá', NULL, '2025-06-23 16:00:16', NULL),
	(394, '2025-06-09', 6, '10:30:00.000000', '17:15:00.000000', 'Lắp ráp tay gá , Gia công những block kê còn thiếu', '\\10.0.10.25dataUTILITY3.ULT_SHAREBao cao cong viec nhom Tu dong hoaMr. Đức Thắng	hang 5\03.14-05z6592209831428_27c043faf668e2cdf2dbc3fa1e1ed036.jpg\r', '2025-06-20 17:18:26', NULL),
	(395, '2025-06-10', 3, '08:30:00.000000', '10:30:00.000000', 'báo giá , làm giải trình mua hàng máy dập yamaha', NULL, '2025-06-23 16:00:16', NULL),
	(396, '2025-06-10', 3, '09:30:00.000000', '13:15:00.000000', 'thiết kế, xuất bản vẽ máy dập gasket kh tennerco', NULL, '2025-06-23 16:00:16', NULL),
	(397, '2025-06-10', 3, '13:45:00.000000', '16:00:00.000000', 'sửa jig in hỏng QL3-1718, QC7-QC7 6713', NULL, '2025-06-23 16:00:16', NULL),
	(398, '2025-06-10', 3, '16:00:00.000000', '17:15:00.000000', 'xuất bản vẽ chi tiết JIG hỏng line XG2', NULL, '2025-06-23 16:00:16', NULL),
	(399, '2025-06-10', 4, '11:00:00.000000', '17:15:00.000000', 'Lắp ráp máy dán tape, protect Anam', NULL, '2025-06-23 16:00:16', NULL),
	(400, '2025-06-10', 4, '08:00:00.000000', '11:00:00.000000', 'Hỗ trợ lắp rap bàn cắt tay gá', NULL, '2025-06-23 16:00:16', NULL),
	(401, '2025-06-10', 5, '08:00:00.000000', '11:30:00.000000', 'thử nghiệm bắn laser QR code eero', '\\10.0.10.25dataUTILITY3.ULT_SHAREBao cao cong viec nhom Tu dong hoaMr. Văn ThắngTHANG 610-06qr code.jpg\r', '2025-06-20 17:18:26', NULL),
	(402, '2025-06-10', 5, '13:00:00.000000', '16:00:00.000000', 'họp sản phẩm mới new model hỗ trợ tay gá', NULL, '2025-06-23 16:00:16', NULL),
	(403, '2025-06-10', 6, '10:30:00.000000', '12:15:00.000000', 'Tìm bàn cắt , lắp ráp , follow bàn cắt gate QC9-7005-000', '\\10.0.10.25dataUTILITY3.ULT_SHAREBao cao cong viec nhom Tu dong hoaMr. Đức Thắng	hang 5\03.14-05z6599588317186_edb96b8824e1d3b39e08883f5211b7df.jpg\r', '2025-06-20 17:18:26', NULL),
	(404, '2025-06-10', 6, '13:00:00.000000', '15:00:00.000000', 'Follow tay gá 24hi1139', NULL, '2025-06-23 16:00:16', NULL),
	(405, '2025-06-10', 6, '14:30:00.000000', '17:30:00.000000', 'Cắt phôi , lắp ráp , follow tay gá 24hi203 ;24hi160', NULL, '2025-06-23 16:00:16', NULL),
	(406, '2025-06-10', 2, '08:00:00.000000', '17:15:00.000000', 'lắp ráp bàn cắt tay gá', NULL, '2025-06-23 16:00:16', NULL),
	(407, '2025-06-11', 4, '08:00:00.000000', '17:15:00.000000', 'Lắp ráp, sửa cơ khí máy dán tape, protect Anam', NULL, '2025-06-24 08:31:22', NULL),
	(408, '2025-06-11', 4, '10:00:00.000000', '12:00:00.000000', 'sửa jig dập gasket', NULL, '2025-06-24 08:30:44', NULL),
	(409, '2025-06-11', 5, '08:00:00.000000', '10:30:00.000000', 'Sử lý phát sinh cơ cấu gạt foil tự động máy Hot 78', NULL, '2025-06-23 16:00:16', NULL),
	(410, '2025-06-11', 6, '08:00:00.000000', '10:30:00.000000', 'chuẩn bị tay gá bàn cắt test theo kế hoạch hằng ngày', NULL, '2025-06-23 16:00:16', NULL),
	(411, '2025-06-11', 6, '10:30:00.000000', '14:30:00.000000', 'follow tay gá 24hi251 ; 24hi82 ;24hi1001', NULL, '2025-06-23 16:00:16', NULL),
	(412, '2025-06-11', 6, '10:00:00.000000', '12:00:00.000000', 'cắt gate bàn cắt đa năng QC5-5325-000', NULL, '2025-06-23 16:00:16', NULL),
	(413, '2025-06-11', 6, '14:30:00.000000', '16:15:00.000000', 'Họp new model', NULL, '2025-06-23 16:00:16', NULL),
	(414, '2025-06-11', 6, '17:00:00.000000', '19:00:00.000000', 'check phôi mới về', NULL, '2025-06-23 16:00:16', NULL),
	(415, '2025-06-11', 6, '19:00:00.000000', '21:00:00.000000', 'dụng hình 3d , xuất bản vẽ chi tiết cơ điện', NULL, '2025-06-23 16:00:16', NULL),
	(416, '2025-06-11', 2, '08:00:00.000000', '17:15:00.000000', 'lắp ráp bàn cắt tay gá', NULL, '2025-06-23 16:00:16', NULL),
	(417, '2025-06-15', 3, '08:00:00.000000', '12:00:00.000000', 'Làm chương chình CNC NOVO chạy EVT', NULL, '2025-06-23 16:00:16', NULL),
	(418, '2025-06-15', 3, '13:00:00.000000', '16:00:00.000000', 'Thiết kế dưỡng đo CVN', NULL, '2025-06-23 16:00:16', NULL),
	(419, '2025-06-15', 3, '16:00:00.000000', '17:15:00.000000', 'Triển khai khai thiết kế JIG pioneer SPM', NULL, '2025-06-23 16:00:16', NULL),
	(420, '2025-06-15', 7, '08:00:00.000000', '17:00:00.000000', 'Sửa cơ khí và điện máy dán protect anam', NULL, '2025-06-23 16:00:16', NULL),
	(421, '2025-06-16', 3, '08:00:00.000000', '12:00:00.000000', 'Làm DFM đơn hàng dưỡng đo CVN', NULL, '2025-06-23 16:00:16', NULL),
	(422, '2025-06-16', 3, '13:00:00.000000', '19:45:00.000000', 'Lắp ráp JIG CNC LADRO TOOL 2', NULL, '2025-06-23 16:00:16', NULL),
	(423, '2025-06-16', 7, '08:00:00.000000', '11:00:00.000000', 'Lắp điện máy dán protect ariston', NULL, '2025-06-23 16:00:16', NULL),
	(424, '2025-06-16', 7, '13:00:00.000000', '17:00:00.000000', 'Tìm hiểu rơ le và sơ đồ đi dây mạch điện jig check cnc novo', NULL, '2025-06-23 16:00:16', NULL),
	(425, '2025-06-16', 4, '08:00:00.000000', '12:00:00.000000', 'gia công đồ gá máy cảm biến an toàn máy horbill', NULL, '2025-06-23 16:00:16', NULL),
	(426, '2025-06-16', 4, '13:00:00.000000', '20:15:00.000000', 'gia công thêm cơ cấu chống xoay jig check kí tự tin', NULL, '2025-06-23 16:00:16', NULL),
	(427, '2025-06-16', 2, '08:00:00.000000', '17:15:00.000000', 'gia công lỗ tap chi tiết JIG CNC LADRO TOOL 2, hỗ trợ lắp ráp.', 'P:UTILITY3.ULT_SHAREBao cao cong viec nhom Tu dong hoaMr . Hiếu\06.16\r', '2025-06-20 17:18:26', NULL),
	(428, '2025-06-17', 2, '13:00:00.000000', '17:15:00.000000', 'lắp tay gá, bàn cắt, gia công lỗ tap chi tiết bàn cắt tay gá', 'P:UTILITY3.ULT_SHAREBao cao cong viec nhom Tu dong hoaMr . Hiếu\06.17\r', '2025-06-20 17:18:26', NULL),
	(429, '2025-06-17', 7, '08:00:00.000000', '10:00:00.000000', 'Sửa điện máy dán ariston', NULL, '2025-06-23 16:00:16', NULL),
	(430, '2025-06-17', 7, '10:00:00.000000', '15:00:00.000000', 'Lắp điện jig check cnc novo', NULL, '2025-06-23 16:00:16', NULL),
	(431, '2015-06-17', 7, '15:00:00.000000', '16:30:00.000000', 'Cắt phôi đồ gá máy laser', NULL, '2025-06-23 16:00:16', NULL),
	(432, '2025-06-17', 7, '17:00:00.000000', '18:00:00.000000', 'Chỉnh sửa chi tiết máy dán protect anam và ariston', NULL, '2025-06-23 16:00:16', NULL),
	(433, '2025-06-17', 5, '06:00:00.000000', '08:00:00.000000', 'Làm dfm antenna carrier_432-00041_dfm  laser qr code_process', NULL, '2025-06-23 16:00:16', NULL),
	(434, '2025-06-17', 5, '08:00:00.000000', '09:00:00.000000', 'Thiết kế gá máy laser', NULL, '2025-06-23 16:00:16', NULL),
	(435, '2025-06-17', 5, '09:00:00.000000', '12:00:00.000000', 'Lên kế hoạch thử máy bắn laser tự động', NULL, '2025-06-23 16:00:16', NULL),
	(436, '2025-06-17', 5, '13:00:00.000000', '15:00:00.000000', 'Xử lý phát sinh tay gá: rd-bju053/54, tay gá máy 48', NULL, '2025-06-23 16:00:16', NULL),
	(437, '2025-06-17', 5, '15:00:00.000000', '17:15:00.000000', 'Rà soát thông tin tay gá cvn qv', NULL, '2025-06-23 16:00:16', NULL),
	(438, '2025-06-17', 5, '08:00:00.000000', '17:15:00.000000', 'Theo tay gá thử khuôn', NULL, '2025-06-23 16:00:16', NULL),
	(439, '2025-06-17', 4, '08:00:00.000000', '12:00:00.000000', 'Đi dây lắp ổ điện cắm tv, cây nước', NULL, '2025-06-23 16:00:16', NULL),
	(440, '2025-06-17', 4, '13:00:00.000000', '15:00:00.000000', 'Chỉnh sửa chi tiết máy dán protect anam', NULL, '2025-06-23 16:00:16', NULL),
	(441, '2025-06-17', 4, '15:00:00.000000', '18:45:00.000000', 'Gia công lắp ráp đồ gá máy laser', NULL, '2025-06-23 16:00:16', NULL),
	(442, '2025-06-17', 3, '08:00:00.000000', '10:00:00.000000', 'Lắp ráp ecn jig cnc novo', NULL, '2025-06-23 16:00:16', NULL),
	(443, '2025-06-17', 3, '10:00:00.000000', '14:00:00.000000', 'Lắp ráp jig cnc ladro tool 2', NULL, '2025-06-23 16:00:16', NULL),
	(444, '2025-06-17', 3, '14:00:00.000000', '15:00:00.000000', 'Setup jig điều chỉnh lưới in cvn audit', NULL, '2025-06-23 16:00:16', NULL),
	(445, '2025-06-17', 3, '15:00:00.000000', '18:45:00.000000', 'Thiết kế jig test chức năng combie tff4057+tff4058', NULL, '2025-06-23 16:00:16', NULL),
	(446, '2025-06-18', 3, '08:00:00.000000', '10:00:00.000000', 'Gia công chỉnh sửa jig hot model patria kh eero', NULL, '2025-06-23 16:00:16', NULL),
	(447, '2025-06-18', 3, '10:00:00.000000', '11:30:00.000000', 'Chỉnh sửa bản vẽ 2d lấy xác nhận phòng đo thiết kế dương check cvn', NULL, '2025-06-23 16:00:16', NULL),
	(448, '2025-06-18', 3, '11:30:00.000000', '17:15:00.000000', 'Thiết kế jig test chức năng combie tff4057+tff4058', NULL, '2025-06-23 16:00:16', NULL),
	(449, '2025-06-18', 3, '13:00:00.000000', '14:15:00.000000', 'Setup , chỉnh sửa jig ngoại quan eero sử dụng cho mã 425 00121 " kiểm tra lỗi loang bề mặt sản phẩm"', NULL, '2025-06-23 16:00:16', NULL),
	(450, '2025-06-18', 5, '08:00:00.000000', '17:15:00.000000', 'Theo tay gá thử khuôn', NULL, '2025-06-23 16:00:16', NULL),
	(451, '2025-06-18', 5, '08:00:00.000000', '15:00:00.000000', 'Rà soát tay gá model mới', NULL, '2025-06-23 16:00:16', NULL),
	(452, '2025-06-18', 2, '08:00:00.000000', '17:15:00.000000', 'lắp tay gá, bàn cắt. Sửa chi tiết tay gá bàn cắt', 'P:UTILITY3.ULT_SHAREBao cao cong viec nhom Tu dong hoaMr . Hiếu\06.18\r', '2025-06-20 17:18:26', NULL),
	(453, '2025-06-18', 7, '08:00:00.000000', '15:00:00.000000', 'tìm hiểu vẽ solidwork', NULL, '2025-06-23 16:00:16', NULL),
	(454, '2025-06-18', 7, '15:00:00.000000', '17:00:00.000000', 'hỡ trợ lắp jig check cnc hot laser firefly', NULL, '2025-06-23 16:00:16', NULL),
	(455, '2025-06-18', 4, '08:00:00.000000', '09:30:00.000000', '', NULL, '2025-06-23 16:00:16', NULL),
	(456, '2025-06-18', 4, '09:30:00.000000', '10:00:00.000000', 'lắp ráp đồ gá máy laser', NULL, '2025-06-23 16:00:16', NULL),
	(457, '2025-06-18', 4, '10:00:00.000000', '12:00:00.000000', 'taro ren, lắp ráp jig laser tool 2 ladro', NULL, '2025-06-23 16:00:16', NULL),
	(458, '2025-06-18', 4, '13:00:00.000000', '19:00:00.000000', 'taro ren, sửa cơ khí, lắp ráp máy check laser cnc hot firefly', NULL, '2025-06-23 16:00:16', NULL),
	(459, '2025-06-18', 4, '19:00:00.000000', '20:15:00.000000', 'sửa 3d, cắt phôi jig check ki tu in VGR1A703Z', NULL, '2025-06-23 16:00:16', NULL),
	(460, '2025-06-19', 4, '09:00:00.000000', '16:00:00.000000', 'sửa cơ khí, lắp điện jig check cnc hot laser anytow, firrefly', NULL, '2025-06-23 16:00:16', NULL),
	(461, '2025-06-19', 4, '16:00:00.000000', '17:00:00.000000', 'hỗ trợ gia công tay gá', NULL, '2025-06-23 16:00:16', NULL),
	(462, '2025-06-19', 4, '17:00:00.000000', '20:15:00.000000', 'học thiết kế tay gá', NULL, '2025-06-23 16:00:16', NULL),
	(463, '2025-06-19', 5, '08:00:00.000000', '11:00:00.000000', 'Tổng hợp data tay gá', NULL, '2025-06-23 16:00:16', NULL),
	(464, '2025-06-19', 5, '08:00:00.000000', '17:00:00.000000', 'Theo tay gá thử khuôn', NULL, '2025-06-23 16:00:16', NULL),
	(465, '2025-06-19', 5, '14:00:00.000000', '15:00:00.000000', 'Xử lý phát sinh tay gá', NULL, '2025-06-23 16:00:16', NULL),
	(466, '2025-06-19', 5, '17:15:00.000000', '20:15:00.000000', 'đạo tạo thiết kế tay gá', NULL, '2025-06-23 16:00:16', NULL),
	(467, '2025-06-19', 5, '17:15:00.000000', '18:15:00.000000', 'Thiết kế tay gá QC5-5805-000', NULL, '2025-06-23 16:00:16', NULL),
	(468, '2025-06-19', 3, '08:00:00.000000', '11:00:00.000000', 'Chỉnh sửa chương trình, CNC Model NOVO', NULL, '2025-06-24 15:29:12', '2025-06-24 15:28:35.401486'),
	(469, '2025-06-19', 3, '08:00:00.000000', '11:00:00.000000', 'Lắp ráp JIG CNC Ladro tool 2', NULL, '2025-06-24 15:30:41', '2025-06-24 15:30:40.901057'),
	(470, '2025-06-19', 3, '11:00:00.000000', '20:15:00.000000', 'Test chương trình và chạy mẫu hàng EVT model Novo', NULL, '2025-06-24 15:33:04', '2025-06-24 15:33:04.178407'),
	(471, '2025-06-20', 3, '08:00:00.000000', '17:15:00.000000', 'chạy mẫu hàng EVT model Novo', NULL, '2025-06-24 15:34:05', '2025-06-24 15:34:04.756964'),
	(472, '2025-06-20', 3, '13:00:00.000000', '18:45:00.000000', 'Lắp jig cnc ladro tool 2', NULL, '2025-06-24 15:34:35', '2025-06-24 15:34:34.920684'),
	(473, '2025-06-21', 3, '08:00:00.000000', '11:00:00.000000', 'Lắp ráp JIG CNC LADRO TOOL2 " 100%" CHỜ THỬ NGHIỆM', NULL, '2025-06-24 15:35:46', '2025-06-24 15:35:46.419377'),
	(474, '2025-06-21', 3, '11:00:00.000000', '16:30:00.000000', 'XUẤT BẢN VẼ JIG TEST CHỨC NĂNG COMBINE TFF4057 +TFF 4058', NULL, '2025-06-24 15:36:03', '2025-06-24 15:36:03.210763'),
	(475, '2025-06-21', 3, '15:00:00.000000', '16:00:00.000000', 'SỬA ĐỊNH VỊ JIG IN THỬ NGHIÊM QL3 1844', NULL, '2025-06-24 15:36:31', '2025-06-24 15:36:30.940261'),
	(476, '2025-06-23', 3, '08:00:00.000000', '11:00:00.000000', 'GIA CÔNG JIG UẤN HÀNG CONG VÊNH MODEL GENE CAFE KHÁCH HÀNG AMA\r\n', NULL, '2025-06-24 15:37:56', '2025-06-24 15:37:56.413534'),
	(477, '2025-06-23', 3, '11:00:00.000000', '11:30:00.000000', 'GIA CÔNG SỬA ĐỊNH VỊ JIG IN QL3 3378', NULL, '2025-06-24 15:38:21', '2025-06-24 15:38:20.995114'),
	(478, '2025-06-23', 3, '11:30:00.000000', '12:15:00.000000', 'GIA CÔNG THÊM VỊ TRÍ LẤY HÀNG JIG IN ROCA', NULL, '2025-06-24 15:38:38', '2025-06-24 15:38:37.744475'),
	(479, '2025-06-23', 3, '13:00:00.000000', '18:15:00.000000', 'GIA CÔNG , LẮP RÁP, CẢI TIẾN + SỬA JIG ĐIỀU CHỈNH LƯỚI IN CVN 2 JIG \r\nPHỤC VỤ HẠNG MỤC 24/6  KHÁCH HÀNG CVN AUDIT', NULL, '2025-06-24 15:39:27', '2025-06-24 15:39:27.494861'),
	(480, '2025-06-19', 7, '09:00:00.000000', '17:00:00.000000', 'Hỗ trợ lắp bàn cắt', NULL, '2025-06-24 15:42:04', '2025-06-24 15:42:03.820302'),
	(481, '2025-06-19', 7, '17:00:00.000000', '20:15:00.000000', 'học thiết kế tay gá ', NULL, '2025-06-24 15:42:21', '2025-06-24 15:42:21.449810'),
	(482, '2025-06-20', 7, '09:00:00.000000', '18:00:00.000000', 'Thử laser tự động 432-00041', NULL, '2025-06-24 15:43:05', '2025-06-24 15:43:05.275594'),
	(483, '2025-06-20', 7, '11:00:00.000000', '14:00:00.000000', 'Follow máy chuyển hàng máy hot phòng in', NULL, '2025-06-24 15:43:16', '2025-06-24 15:43:15.999092'),
	(484, '2025-06-20', 7, '18:00:00.000000', '19:15:00.000000', 'Học thiết kế tay gá ', NULL, '2025-06-24 15:43:43', '2025-06-24 15:43:42.759060'),
	(485, '2025-06-21', 7, '08:00:00.000000', '15:00:00.000000', 'Học thiết kế tay gá', NULL, '2025-06-24 15:45:31', '2025-06-24 15:45:30.649280'),
	(486, '2025-06-21', 7, '15:00:00.000000', '19:15:00.000000', 'Thiết kế tay gá 24hi1009', NULL, '2025-06-24 15:45:50', '2025-06-24 15:45:50.327638'),
	(487, '2025-06-23', 7, '08:00:00.000000', '18:00:00.000000', 'Thiết kế tay gá 25HI1009 và 24HI1086', NULL, '2025-06-24 15:46:56', '2025-06-24 15:46:56.434779'),
	(488, '2025-06-20', 4, '08:00:00.000000', '17:15:00.000000', 'Thiết kế tay gá', NULL, '2025-06-24 15:50:17', '2025-06-24 15:50:17.265961'),
	(489, '2025-06-21', 4, '08:00:00.000000', '17:15:00.000000', 'Thiết kế tay gá Yamaha', NULL, '2025-06-24 15:50:46', '2025-06-24 15:50:46.471901'),
	(490, '2025-06-22', 4, '09:30:00.000000', '17:00:00.000000', 'Sửa thiết kế tay gá yamaha 25hi1005,25hi1004, thiết kế tay gá kaon ksj124-013', NULL, '2025-06-24 15:51:22', '2025-06-24 15:51:21.511830'),
	(491, '2025-06-23', 4, '13:00:00.000000', '17:00:00.000000', 'thiết kế tay gá kaon ', NULL, '2025-06-24 15:53:53', '2025-06-24 15:53:53.045481'),
	(492, '2025-06-23', 4, '17:00:00.000000', '19:15:00.000000', 'thiết kế jig dán protect RL3-2062', NULL, '2025-06-24 16:32:36', '2025-06-24 15:54:42.030059'),
	(493, '2025-06-19', 2, '09:00:00.000000', '17:00:00.000000', 'Hỗ trợ rà soát tay gá, bàn cắt, gia công tay gá', NULL, '2025-06-24 15:59:05', '2025-06-24 15:59:03.000000'),
	(494, '2025-06-19', 2, '17:00:00.000000', '20:15:00.000000', 'Học thiết kế tay gá', NULL, '2025-06-24 16:01:02', NULL),
	(495, '2025-06-20', 2, '08:00:00.000000', '17:15:00.000000', 'Thiết kế bàn hút, bàn cắt 25HI1003', NULL, '2025-06-24 16:02:12', '2025-06-24 16:02:11.594391'),
	(496, '2025-06-21', 2, '08:00:00.000000', '19:15:00.000000', 'Thiết kế tay gá 25hi30', NULL, '2025-06-24 16:03:12', '2025-06-24 16:02:45.744605'),
	(497, '2025-06-23', 2, '08:00:00.000000', '19:15:00.000000', 'Thiết kế bàn hút, bàn cắt tay gá Kaon, yamaha', NULL, '2025-06-24 16:03:39', '2025-06-24 16:03:38.784341'),
	(498, '2025-06-20', 5, '09:00:00.000000', '10:00:00.000000', 'Họp sản phẩm mới NMD', NULL, '2025-06-24 16:06:10', '2025-06-24 16:06:09.934219'),
	(499, '2025-06-20', 5, '10:00:00.000000', '18:00:00.000000', 'Thử laser tự động 432-00041', NULL, '2025-06-24 16:06:24', '2025-06-24 16:06:24.274357'),
	(500, '2025-06-21', 5, '08:00:00.000000', '10:00:00.000000', 'Đào tạo thiết kế tay gá', NULL, '2025-06-24 16:08:34', '2025-06-24 16:08:33.804170'),
	(501, '2025-06-21', 5, '10:00:00.000000', '18:15:00.000000', 'thiết kế tay gá  CVN QV', NULL, '2025-06-24 16:11:56', '2025-06-24 16:11:19.358041'),
	(502, '2025-06-21', 5, '13:00:00.000000', '15:00:00.000000', 'Tổng hợp bàn giao tay gá', NULL, '2025-06-24 16:12:21', '2025-06-24 16:12:21.393871'),
	(503, '2025-06-22', 5, '08:00:00.000000', '18:30:00.000000', 'Thiết kế tay gá: KSJ24-012, KSJ24-011, KSJ24-010, 25HI03, 25HI05, 25HI04, 24HI282', NULL, '2025-06-24 16:13:14', '2025-06-24 16:13:14.307796'),
	(504, '2025-06-22', 5, '13:30:00.000000', '17:00:00.000000', 'Xử lý tay gá máy 39', NULL, '2025-06-24 16:13:41', '2025-06-24 16:13:40.633760'),
	(506, '2025-06-24', 3, '08:00:00.000000', '17:30:00.000000', 'Lắp ráp điện khí  Máy hàn Merci', NULL, '2025-06-25 08:26:33', '2025-06-25 08:21:43.093792'),
	(507, '2025-06-24', 3, '17:30:00.000000', '19:15:00.000000', 'Thiết kế JIG in 68050013', NULL, '2025-06-25 08:26:36', '2025-06-25 08:23:07.998730'),
	(508, '2025-06-24', 3, '09:40:00.000000', '10:20:00.000000', 'Gia công cố định JIG xuống bàn in CVN', NULL, '2025-06-25 08:26:38', '2025-06-25 08:25:00.030604'),
	(509, '2025-06-24', 3, '13:30:00.000000', '14:30:00.000000', 'Điều tra , xử lý lỗi cảm biến line bọc vải XG2', NULL, '2025-06-25 08:27:13', '2025-06-25 08:27:07.026041'),
	(510, '2025-06-24', 5, '08:00:00.000000', '18:15:00.000000', 'Theo tay gá thử khuôn', NULL, '2025-06-25 09:48:47', '2025-06-25 09:48:47.259443'),
	(511, '2025-06-24', 5, '08:00:00.000000', '09:00:00.000000', 'Bắn laser 425-00051', NULL, '2025-06-25 09:49:22', '2025-06-25 09:49:22.183909'),
	(512, '2025-06-24', 5, '09:00:00.000000', '12:00:00.000000', 'xử lý data tay gá mới', NULL, '2025-06-25 09:49:56', '2025-06-25 09:49:55.930017'),
	(513, '2025-06-24', 5, '14:00:00.000000', '15:30:00.000000', 'Họp sản phẩm mới', NULL, '2025-06-25 09:50:18', '2025-06-25 09:50:18.005278'),
	(514, '2025-06-24', 5, '16:00:00.000000', '18:00:00.000000', 'Thiết kế tay gá 24HI1086, 24HI1087', NULL, '2025-06-25 09:52:24', '2025-06-25 09:52:24.007982'),
	(520, '2025-06-25', 1, '08:00:00.000000', '12:00:00.000000', 'Lập trình chức năng "Sửa báo cáo công việc hàng ngày cho Admin"', 'c47df5ba-964b-411d-b1c4-4a8559924471_Screenshot 2025-06-25 164535.png', '2025-06-25 16:46:45', '2025-06-25 16:46:44.641217'),
	(522, '2025-06-26', 1, '08:00:00.000000', '09:00:00.000000', 'Lập trình chức năng "Xóa báo cáo công việc"', 'e02c5f08-6511-4882-947f-6e54a9aba420_Screenshot 2025-06-26 090025.png', '2025-06-26 09:00:39', '2025-06-26 09:00:17.037470'),
	(523, '2025-06-26', 1, '09:00:00.000000', '10:36:00.000000', 'Test và viết docs cho chức năng "Đăng nhập" / "Đăng xuất""', '70300de2-6139-4b10-bd01-2e428b3dc3fe_Screenshot 2025-06-26 102256.png', '2025-06-26 10:37:01', '2025-06-26 10:23:06.560203'),
	(524, '2025-06-26', 1, '11:26:17.000000', '12:15:00.000000', 'Dựng CSDL cho phân hệ quản lý đơn đặt hàng', '6ca2dac2-118c-4851-8088-dbf163a34831_Screenshot 2025-06-26 120548.png', '2025-06-26 12:05:59', '2025-06-26 10:39:00.925026'),
	(525, '2025-06-26', 1, '11:05:36.000000', '11:25:49.000000', 'Nhập công việc ngày 24, 25 của các anh lên hệ thống', NULL, '2025-06-26 11:25:54', '2025-06-26 11:06:17.555566'),
	(526, '2025-06-25', 5, '09:00:00.000000', '10:00:00.000000', 'Thiết kế tay gá 24HI156', NULL, '2025-06-26 11:11:21', '2025-06-26 11:10:39.568140'),
	(527, '2025-06-25', 5, '08:00:00.000000', '19:15:00.000000', 'Theo tay gá thử khuôn', NULL, '2025-06-26 11:14:33', '2025-06-26 11:14:16.405816'),
	(528, '2025-06-24', 2, '08:00:00.000000', '19:15:00.000000', 'Thiết kế bàn hút, bàn cắt tay gá YAMAHA', NULL, '2025-06-26 11:17:50', '2025-06-26 11:17:50.342946'),
	(529, '2025-06-24', 4, '08:00:00.000000', '17:00:00.000000', 'Thiết kế, xuất bản vẽ, tổng hợp phôi jig dán protect RL3-2062', NULL, '2025-06-26 11:18:53', '2025-06-26 11:18:52.612526'),
	(530, '2025-06-24', 7, '08:00:00.000000', '11:00:00.000000', 'Sửa bản vẽ 25HI1009 và 24HI1086', NULL, '2025-06-26 11:20:02', '2025-06-26 11:20:01.745754'),
	(531, '2025-06-24', 7, '13:00:00.000000', '17:00:00.000000', 'Thiết kế tay gá 23HI1042', NULL, '2025-06-26 11:20:30', '2025-06-26 11:20:30.475352'),
	(532, '2025-06-24', 5, '18:00:00.000000', '20:00:00.000000', 'Làm DFM báo cáo laser tự động', NULL, '2025-06-26 11:21:05', '2025-06-26 11:21:04.518800'),
	(533, '2025-06-25', 3, '08:30:00.000000', '09:30:00.000000', 'Chạy thử Hàng ECN NOVO Bracket " Hàn action"', NULL, '2025-06-26 17:54:59', '2025-06-26 17:54:59.045005'),
	(534, '2025-06-25', 3, '09:30:00.000000', '13:30:00.000000', 'Thiết kế JIG in 68050013 khách hàng mới SVP', NULL, '2025-06-26 17:55:36', '2025-06-26 17:55:36.069188'),
	(535, '2025-06-25', 3, '13:30:00.000000', '14:00:00.000000', 'dựng bản vẽ chi tiết nhóm KTL phòng SX ', NULL, '2025-06-26 17:57:00', '2025-06-26 17:57:00.146775'),
	(536, '2025-06-25', 3, '14:00:00.000000', '17:15:00.000000', 'Thiết kế JIG in 68050014 khách hàng mới SVP', NULL, '2025-06-26 17:58:17', '2025-06-26 17:58:16.635068'),
	(537, '2025-06-25', 3, '09:30:00.000000', '10:00:00.000000', 'sửa vị trí nhấn trên jig UẤN hàng khách hàng AMA model RANE CAFE', NULL, '2025-06-26 18:00:00', '2025-06-26 18:00:00.398821'),
	(538, '2025-06-26', 3, '08:30:00.000000', '13:00:00.000000', 'CẮT PHÔI 68050013 khách hàng mới SVP + JIG in 68050014 khách hàng mới SVP + JIG CHECK TERMINAL TFF4057 +TFF4058', NULL, '2025-06-26 18:02:55', '2025-06-26 18:02:55.189057'),
	(539, '2025-06-26', 3, '14:00:00.000000', '15:30:00.000000', 'LẮP RÁP JIG CHECK CNC LOGO COVO MODEL MỚI NOVO KHÁCH HÀNG EERO\r\n', NULL, '2025-06-26 18:04:07', '2025-06-26 18:04:07.061185'),
	(540, '2025-06-26', 3, '15:30:00.000000', '16:00:00.000000', 'LẮP RÁP CHI TIẾT CẢI TIẾN  CHỐNG NHỰA ĐỘNG Ở THÀNH ', NULL, '2025-06-26 18:05:03', '2025-06-26 18:05:02.721338'),
	(541, '2025-06-26', 3, '16:00:00.000000', '16:30:00.000000', 'NHẬN HÀNG TỪ KHO, KIỂM SỐ LƯỢNG PHÔI THEO BẢN VẼ VÀ BÀN GIAO BẢN VẼ', NULL, '2025-06-26 18:13:42', '2025-06-26 18:13:42.334988'),
	(542, '2025-06-26', 5, '08:00:00.000000', '10:00:00.000000', 'Xử lý máy Laser', NULL, '2025-06-27 08:12:56', '2025-06-27 08:12:56.250061'),
	(543, '2025-06-26', 4, '08:00:00.000000', '12:00:00.000000', 'Thiết kế Jig dán protect RL3 - 2074, sửa Thiết kế Jig dán protect RL3 - 2062 ', NULL, '2025-06-27 08:14:31', '2025-06-27 08:14:30.667257'),
	(544, '2025-06-26', 5, '10:00:00.000000', '11:00:00.000000', 'Bán Laser mã 432-00-41', NULL, '2025-06-27 08:14:55', '2025-06-27 08:14:54.663659'),
	(545, '2025-06-26', 4, '13:00:00.000000', '18:00:00.000000', 'Cắt phôi Jig dán protect RL3 - 2062, 2074', NULL, '2025-06-27 08:15:11', '2025-06-27 08:15:11.083793'),
	(546, '2025-06-26', 4, '18:00:00.000000', '18:45:00.000000', 'SỬA TAY GÁ 24HI1013', NULL, '2025-06-27 08:15:36', '2025-06-27 08:15:36.113798'),
	(547, '2025-06-26', 7, '08:00:00.000000', '18:30:00.000000', 'Thiết kế tay gá 25HI09', NULL, '2025-06-27 08:16:51', '2025-06-27 08:16:51.085989'),
	(548, '2025-06-26', 7, '08:00:00.000000', '18:30:00.000000', 'Thiết kế tay gá 24HI279', NULL, '2025-06-27 08:20:20', '2025-06-27 08:20:19.906981'),
	(549, '2025-06-26', 2, '08:00:00.000000', '20:15:00.000000', 'Thiết kế tay gá, bàn cắt CVN QV', NULL, '2025-06-27 08:21:31', '2025-06-27 08:21:31.246141'),
	(550, '2025-06-26', 7, '09:00:00.000000', '10:00:00.000000', 'Sửa cơ khí máy dán protect ariston', NULL, '2025-06-27 08:23:09', '2025-06-27 08:23:08.648847'),
	(551, '2025-06-25', 2, '08:00:00.000000', '17:15:00.000000', 'Thiết kế tay gá, bàn cắt YAMAHA', NULL, '2025-06-27 08:23:21', '2025-06-27 08:23:20.841173'),
	(552, '2025-06-25', 4, '08:00:00.000000', '18:45:00.000000', 'Thiết kế Jig dán protect RL3 - 2062, rl3 - 2074', NULL, '2025-06-27 08:30:41', '2025-06-27 08:30:40.897691'),
	(553, '2025-06-26', 1, '13:00:00.000000', '18:45:00.000000', 'Lập trình cho phân hệ quản lý đơn hàng', NULL, '2025-06-27 08:56:17', '2025-06-27 08:56:16.547878'),
	(554, '2025-06-27', 1, '08:00:00.000000', '10:00:00.000000', 'Fix lỗi khi thay đổi trạng thái ngày nhận và số lượng nhận nhưng đơn hàng không load lại sau khi thay đổi', NULL, '2025-06-27 15:45:59', '2025-06-27 15:45:58.937167'),
	(555, '2025-06-27', 1, '13:00:00.000000', '17:28:46.000000', 'Lập trình form mẫu cho "BIÊN BẢN BÀN GIAO TAY GÁ / BÀN CẮT" để chuẩn bị cho các bước tiếp theo', 'c7c7420f-7ba9-4f2f-ad2f-e79d361fdb16_Screenshot 2025-06-27 172928.png', '2025-06-27 17:30:22', '2025-06-27 17:30:22.437938'),
	(556, '2025-06-27', 2, '08:00:00.000000', '18:15:00.000000', 'Thiết kế tay gá, bàn cắt SVP', NULL, '2025-06-27 17:36:31', '2025-06-27 17:36:30.648570'),
	(557, '2025-06-27', 7, '08:00:00.000000', '15:00:00.000000', 'Thiết kế tay gá 24HI280', NULL, '2025-06-27 18:26:55', '2025-06-27 18:26:54.918882'),
	(558, '2025-06-27', 7, '15:00:00.000000', '18:30:00.000000', 'Thiết kế tay gá 25HI79', NULL, '2025-06-27 18:27:34', '2025-06-27 18:27:33.658419'),
	(559, '2025-06-27', 4, '08:00:00.000000', '12:00:00.000000', 'Thiết kế tay gá 24HI281', NULL, '2025-06-28 08:06:36', '2025-06-28 08:06:36.373186'),
	(560, '2025-06-27', 4, '13:00:00.000000', '18:15:00.000000', 'Xử lí phát sinh máy hàn key bottom novo ', NULL, '2025-06-28 08:07:26', '2025-06-28 08:07:26.216187'),
	(561, '2025-06-27', 1, '10:00:00.000000', '12:00:00.000000', 'Lập trình chức năng "Tìm kiếm đơn hàng dựa vào mã vật tư"', '4feac62a-ce64-41a7-ac5c-2be3e6f34f77_Screenshot 2025-06-28 082222.png', '2025-06-28 08:22:48', '2025-06-28 08:21:56.095880'),
	(562, '2025-06-27', 5, '08:00:00.000000', '10:00:00.000000', 'Bắn mẫu laser 432-00041', NULL, '2025-06-28 08:38:37', '2025-06-28 08:38:37.080334'),
	(563, '2025-06-27', 5, '15:00:00.000000', '16:00:00.000000', 'Xử lý tay gá 24HI183 máy 58: robot trục X không tới hành trình', NULL, '2025-06-28 08:39:32', '2025-06-28 08:39:32.327124'),
	(564, '2025-06-27', 5, '08:00:00.000000', '17:15:00.000000', 'Theo tay gá thử khuôn', NULL, '2025-06-28 08:39:57', '2025-06-28 08:39:56.802272'),
	(566, '2025-06-28', 1, '08:00:00.000000', '14:20:03.000000', 'Viết tài liệu, kiểm thử cho phân hệ "Báo cáo công việc hàng ngày" và fix bug', '20a936b6-88e9-450a-8f51-c565d3c26a58_Screenshot 2025-06-28 110019.png', '2025-06-28 14:20:07', '2025-06-28 11:00:39.188011'),
	(568, '2025-06-26', 3, '16:40:00.000000', '18:45:00.000000', 'Chỉnh sửa lại định vị JIG IN 68050013', NULL, '2025-06-28 13:30:13', '2025-06-28 13:30:13.410010'),
	(569, '2025-06-28', 1, '14:23:15.000000', '17:15:00.000000', 'Viết tài liệu, kiểm thử phân hệ "Quản lý đơn đặt hàng" và fix bug', 'e8721bbb-5f2e-4749-9672-db1b833e7806_Screenshot 2025-06-28 170205.png', '2025-06-28 17:02:15', '2025-06-28 14:24:19.435683'),
	(570, '2025-06-28', 3, '08:00:00.000000', '10:30:00.000000', 'Hoàn Thiện , lắp ráp JIG dán protect mặt side, máy check cnc + dán protect top LOGO Cocer model NOVO', NULL, '2025-06-28 17:01:39', '2025-06-28 17:01:38.677181'),
	(571, '2025-06-28', 3, '10:30:00.000000', '13:30:00.000000', 'Lắp ráp + Thử nghiệm, bàn giao bổ xung linh kiện máy hàn REAR COVER model MERCI TOOL 3', NULL, '2025-06-28 17:03:26', '2025-06-28 17:03:26.307663'),
	(572, '2025-06-28', 3, '13:30:00.000000', '15:00:00.000000', 'nhận thông tin, xử lý hạng mục REWORK insert để đúc lấy mẫu khách hàng TAKACHI', NULL, '2025-06-28 17:05:59', '2025-06-28 17:05:58.789115'),
	(573, '2025-06-28', 3, '15:30:00.000000', '17:15:00.000000', 'hỗ Trợ KTL gia công, cải tiến  xử lý lỗi máy hàn jurpiter hỏng cảm biến ', NULL, '2025-06-28 17:07:30', '2025-06-28 17:07:30.233941'),
	(574, '2025-06-28', 4, '08:00:00.000000', '19:15:00.000000', 'thiết kế, gia công tay gá 24hi1114', NULL, '2025-06-30 08:14:51', '2025-06-30 08:14:51.025359'),
	(575, '2025-06-29', 4, '08:30:00.000000', '17:00:00.000000', '5s phòng, kiểm tra phôi, bàn giao bản vẽ, ', NULL, '2025-06-30 08:26:38', '2025-06-30 08:26:37.696258'),
	(576, '2025-06-28', 2, '08:00:00.000000', '17:15:00.000000', 'nghỉ tuần', NULL, '2025-06-30 16:59:47', '2025-06-30 16:59:47.311885'),
	(577, '2025-06-30', 2, '08:00:00.000000', '12:15:00.000000', 'Chỉnh sửa bản vẽ tay gá CVN QV 25hi36', NULL, '2025-06-30 17:01:27', '2025-06-30 17:01:26.719594'),
	(578, '2025-06-30', 2, '14:00:00.000000', '17:15:00.000000', 'Gia công sửa Block đệm, lắp tay gá 25HI1019, MGAM24073', NULL, '2025-06-30 17:03:15', '2025-06-30 17:03:14.720467'),
	(579, '2025-06-30', 2, '13:00:00.000000', '14:00:00.000000', '5S phòng làm việc', NULL, '2025-06-30 17:03:38', '2025-06-30 17:03:37.988001'),
	(580, '2025-06-30', 1, '08:00:00.000000', '12:00:00.000000', 'Lập trình thử nghiệm quản lý tay gá theo phương pháp cũ ==> Cảm thấy không ổn', 'b5944f3b-f55c-4c33-aa88-f23f390ba62c_Screenshot 2025-06-30 174044.png', '2025-06-30 17:40:55', '2025-06-30 17:40:24.545681'),
	(581, '2025-06-30', 1, '13:00:00.000000', '18:15:00.000000', 'Phân tích nghiệp vụ và thiết kế cơ sở dữ liệu cho quản lý sản phẩm mới.\r\nCấu trúc bảng chính:\r\n1. Models: Thông tin về Model sản phẩm.\r\n2. Products: Chi tiết từng sản phẩm, liên kết với Model.\r\n3. Processes: Bảng tổng hợp các công đoạn chính cho sản phẩm (Tay Gá, Cắt Gate, JIG).\r\n4. ProcessStages: Chi tiết từng bước nhỏ của công đoạn và ngày hoàn thành.\r\n5. JigDetails: Thông tin bổ sung riêng cho các công đoạn JIG.', '5018a098-2c47-4076-addf-1c6b2e23fcc4_Screenshot 2025-06-30 181041.png', '2025-06-30 18:11:10', '2025-06-30 17:44:03.477450'),
	(582, '2025-06-30', 4, '08:00:00.000000', '10:00:00.000000', 'lắp ráp Jig dán protect alegro ', NULL, '2025-07-01 08:10:58', '2025-07-01 08:10:57.658133'),
	(583, '2025-06-29', 7, '08:00:00.000000', '11:00:00.000000', 'Lắp điện JIG check CNC NOVO', NULL, '2025-07-01 08:11:48', '2025-07-01 08:11:47.683853'),
	(584, '2025-06-29', 7, '13:00:00.000000', '16:00:00.000000', 'Sửa một số chi tiết máy dán protect ariston', NULL, '2025-07-01 08:12:06', '2025-07-01 08:12:06.024201'),
	(585, '2025-06-29', 7, '11:00:00.000000', '12:00:00.000000', '5s phòng làm việc', NULL, '2025-07-01 08:12:25', '2025-07-01 08:12:24.774737'),
	(586, '2025-06-30', 4, '10:00:00.000000', '17:15:00.000000', 'follow cắt gate, thiết kế tay gá ', NULL, '2025-07-01 08:14:54', '2025-07-01 08:14:53.524008'),
	(587, '2025-07-01', 1, '08:15:00.000000', '12:00:00.000000', 'Lập trình CRUD cho phân hệ quản lý khách hàng', NULL, '2025-07-01 08:24:35', '2025-07-01 08:24:34.742788');

-- Dumping structure for table codien.employees
CREATE TABLE IF NOT EXISTS `employees` (
  `id` bigint NOT NULL AUTO_INCREMENT,
  `code` varchar(50) NOT NULL,
  `name` varchar(255) CHARACTER SET utf8mb4 COLLATE utf8mb4_0900_ai_ci NOT NULL,
  `position` varchar(100) NOT NULL,
  `phone` varchar(20) CHARACTER SET utf8mb4 COLLATE utf8mb4_0900_ai_ci NOT NULL,
  `password` varchar(255) CHARACTER SET utf8mb4 COLLATE utf8mb4_0900_ai_ci NOT NULL,
  `role` varchar(50) CHARACTER SET utf8mb4 COLLATE utf8mb4_0900_ai_ci NOT NULL,
  `created_at` datetime(6) DEFAULT NULL,
  PRIMARY KEY (`id`),
  UNIQUE KEY `code` (`code`)
) ENGINE=InnoDB AUTO_INCREMENT=10 DEFAULT CHARSET=utf8mb4 COLLATE=utf8mb4_0900_ai_ci;

-- Dumping data for table codien.employees: ~9 rows (approximately)
INSERT INTO `employees` (`id`, `code`, `name`, `position`, `phone`, `password`, `role`, `created_at`) VALUES
	(1, 'HP3948', 'Hạ Quang Dũng', 'Nhân viên', '', '$2a$12$P/T.NzyeGqmuF20b0WeM1u2L3Gncdzd.wcQzzoaWNHT1ySrilrf9a', 'ROLE_ADMIN', '2025-06-20 10:13:49.000000'),
	(2, 'HP3947', 'Nguyễn Minh Hiếu', 'Nhân viên', '', '$2a$12$P/T.NzyeGqmuF20b0WeM1u2L3Gncdzd.wcQzzoaWNHT1ySrilrf9a', 'ROLE_EMPLOYEE', '2025-06-23 10:14:03.000000'),
	(3, 'HP3094', 'Phạm Tiến Đạt', 'Nhân viên', '', '$2a$12$P/T.NzyeGqmuF20b0WeM1u2L3Gncdzd.wcQzzoaWNHT1ySrilrf9a', 'ROLE_EMPLOYEE', '2025-06-23 10:14:05.000000'),
	(4, 'HP3742', 'Nguyễn Chí Công', 'Nhân Viên', '', '$2a$12$P/T.NzyeGqmuF20b0WeM1u2L3Gncdzd.wcQzzoaWNHT1ySrilrf9a', 'ROLE_EMPLOYEE', '2025-06-23 10:14:06.000000'),
	(5, 'HP2686', 'Nguyễn Văn Thắng', 'Nhân Viên', '', '$2a$12$P/T.NzyeGqmuF20b0WeM1u2L3Gncdzd.wcQzzoaWNHT1ySrilrf9a', 'ROLE_EMPLOYEE', '2025-06-23 10:14:08.000000'),
	(6, 'HP3716', 'Đỗ Đức Thắng', 'Nhân Viên', '', '$2a$12$P/T.NzyeGqmuF20b0WeM1u2L3Gncdzd.wcQzzoaWNHT1ySrilrf9a', 'ROLE_EMPLOYEE', '2025-06-23 10:14:11.000000'),
	(7, 'HP3979', 'Cao Việt Tú', 'Nhân viên', '', '$2a$12$P/T.NzyeGqmuF20b0WeM1u2L3Gncdzd.wcQzzoaWNHT1ySrilrf9a', 'ROLE_EMPLOYEE', '2025-06-23 10:14:09.000000'),
	(8, 'HP1676', 'Hoàng Trung Kiên', 'Nhân viên cấp cao', '0393049255', '$2a$10$kiicDC3IeiHGANbkpLpBte6fwyLuE994u.Ct/5NVT3J2CsbtrzN/6', 'ROLE_MANAGER', '2025-06-24 09:58:05.000000'),
	(9, 'HP0249', 'Vũ Hữu Cảnh', 'Trưởng Phòng', '0982086486', '$2a$10$fva3DPQeF374klxMooyuWeSfIObbFELy0qcPi5tMP4wtT72L6mTTi', 'ROLE_MANAGER', NULL);

-- Dumping structure for table codien.orders
CREATE TABLE IF NOT EXISTS `orders` (
  `id` bigint NOT NULL AUTO_INCREMENT,
  `document_number` varchar(255) NOT NULL,
  `employee_id` bigint NOT NULL,
  `order_date` date NOT NULL,
  `status` varchar(20) CHARACTER SET utf8mb4 COLLATE utf8mb4_0900_ai_ci NOT NULL,
  `note` varchar(255) NOT NULL,
  PRIMARY KEY (`id`),
  KEY `FKfhl8bv0xn3sj33q2f3scf1bq6` (`employee_id`),
  CONSTRAINT `FKfhl8bv0xn3sj33q2f3scf1bq6` FOREIGN KEY (`employee_id`) REFERENCES `employees` (`id`)
) ENGINE=InnoDB AUTO_INCREMENT=4 DEFAULT CHARSET=utf8mb4 COLLATE=utf8mb4_0900_ai_ci;

-- Dumping data for table codien.orders: ~3 rows (approximately)
INSERT INTO `orders` (`id`, `document_number`, `employee_id`, `order_date`, `status`, `note`) VALUES
	(1, '001-2506-000047', 5, '2025-06-06', 'PENDING', 'vật tư lắp ráp tay gá'),
	(2, '001-2506-000212', 8, '2025-06-27', 'PENDING', 'Nghiên cứu lắp ráp Robot'),
	(3, '001-2506-000109', 5, '2025-06-05', 'PENDING', 'Vật tư cải tiến jig dán protect eero, đặt bổ sung đơn 001-2506-000047 ( vật tư lắp ráp ty gá )');

-- Dumping structure for table codien.order_items
CREATE TABLE IF NOT EXISTS `order_items` (
  `id` bigint NOT NULL AUTO_INCREMENT,
  `order_id` bigint NOT NULL,
  `material_code` varchar(50) NOT NULL,
  `material_name` varchar(255) NOT NULL,
  `quantity_ordered` double NOT NULL,
  `received_date` date DEFAULT NULL,
  `unit` varchar(20) NOT NULL,
  `purpose` varchar(255) DEFAULT NULL,
  `note` varchar(255) CHARACTER SET utf8mb4 COLLATE utf8mb4_0900_ai_ci DEFAULT NULL,
  `quantity_received` double NOT NULL,
  PRIMARY KEY (`id`),
  KEY `FKbioxgbv59vetrxe0ejfubep1w` (`order_id`),
  CONSTRAINT `FKbioxgbv59vetrxe0ejfubep1w` FOREIGN KEY (`order_id`) REFERENCES `orders` (`id`) ON DELETE CASCADE ON UPDATE CASCADE
) ENGINE=InnoDB AUTO_INCREMENT=29 DEFAULT CHARSET=utf8mb4 COLLATE=utf8mb4_0900_ai_ci;

-- Dumping data for table codien.order_items: ~21 rows (approximately)
INSERT INTO `order_items` (`id`, `order_id`, `material_code`, `material_name`, `quantity_ordered`, `received_date`, `unit`, `purpose`, `note`, `quantity_received`) VALUES
	(8, 1, 'CKDK0007', 'DÂY KHÍ U0640BU ( 100m/ cuộn)', 1, '2025-06-26', 'PCS', 'lắp ráp tay gá mới', '', 1),
	(9, 1, 'CKDK0015', 'dây khí silicon f6-3mm', 100, '2025-06-26', 'M', 'lắp ráp tay gá mới', '', 100),
	(10, 1, 'CKDN0003', 'Cút hút ( Inox) D7*M10*44.5 (210609)', 42, '2025-06-30', 'PCS', 'lắp ráp tay gá mới', 'dùng 37 dự phòng 5', 42),
	(11, 1, 'CKKH1721', 'Xilanh khí UMCD 10', 6, '2025-06-26', 'PCS', 'lắp ráp tay gá AMA', 'DÙNG 4 DỰ PHÒNG 2', 6),
	(12, 1, 'CKTK0001', 'Núm hút silicon trắng JS1-6 ( D10.5*D5*M6-10.5)', 42, '2025-06-26', 'PCS', 'lắp ráp tay gá mới', 'dùng 37 dự phòng 5', 42),
	(13, 1, 'CKTK0002', 'Núm hút silicon đỏ Y3-10 ( D16*M10*21.5mm)', 104, '2025-06-30', 'PCS', 'lắp ráp tay gá AMA ; ANAM ; CVN QVF ; YAMAHA', 'dùng 91 dự phòng 13', 104),
	(14, 1, 'CKTK0003', 'Núm hút silicon trắng JS1-4 ( D10.5*D5*M4-10.5)', 5, '2025-06-26', 'PCS', 'lắp ráp tay gá mới', 'dùng 4 dự phòng 1', 5),
	(15, 1, 'CKTK0005', 'Núm hút ST3-20', 127, '2025-06-30', 'PCS', 'lắp ráp tay gá mới', 'dùng 111 dự phòng 16', 127),
	(16, 1, 'CKTK0007', 'Núm hút silicon đỏ Y3-15 ( D16*M15*22.5mm)', 55, '2025-06-30', 'PCS', 'lắp ráp tay gá AMA ; ANAM ; CVN QVF ; YAMAHA', 'dùng 48 dự phòng 7', 55),
	(17, 1, 'CKTK0015', 'Kẹp xilanh SMC nhỏ MHC2-16S', 13, '2025-06-26', 'PCS', 'lắp ráp tay gá mới', 'dùng 12 dự phòng 1', 13),
	(18, 1, 'CKTK0040', 'Xilanh gắp gate 1815S1', 11, '2025-06-26', 'PCS', 'lắp ráp tay gá mới', 'dùng 10 dự phòng 1', 11),
	(19, 1, 'CKTK0042', 'Xilanh SMC MHZ2-10S', 15, '2025-06-26', 'PCS', 'lắp ráp tay gá AMA', 'dùng 13 dự phòng 2', 15),
	(20, 1, 'CKTK0120', 'Núm hút silicon đỏ SD3-40', 13, NULL, 'PCS', 'lắp ráp tay gá mới', 'dùng 13 dự phòng 1', 0),
	(21, 1, 'VLAL0240', 'Tấm nhôm hợp kim 5052 : 5x1250x625mm', 43.22, NULL, 'KG', 'phôi tay gá mới', '', 0),
	(22, 2, 'CKKH2075', 'Esp32 ESP32-WROOM Ban Phát Triển 1 / 2 / 8 Kênh ESP32 WIFI BT BLE Relay Module (Phân loại DC5V TO 30V8S)', 3, NULL, 'PCS', 'Nghiên cứu chế tạo robot gắp sản phẩm', '', 0),
	(23, 2, 'CKKH2074', 'Esp32 ESP32-WROOM Ban Phát Triển 1 / 2 / 8 Kênh ESP32 WIFI BT BLE Relay Module (Phân loại DC5V TO 60V1S)', 3, NULL, 'PCS', 'Nghiên cứu chế tạo robot gắp sản phẩm', '', 0),
	(24, 2, 'CKKH2073', '1 Bảng Mạch Phát Triển ESP32 - WT32-SC01 PLUS Với Màn Hình LCD Cảm Ứng 3.5 inch 320X480', 3, NULL, 'PCS', 'Nghiên cứu chế tạo robot gắp sản phẩm', 'phân loại Sc01 PLUS với hộp đựng', 0),
	(25, 3, 'VLNT0110', 'Nhựa POM F20 x1000 mm', 1.92, NULL, 'KG', 'Vật tư cải tiến jig dán protect eero', '2 thanh', 0),
	(26, 3, 'CKTK0052', 'ĐẦU NỐI M3AU-4', 20, NULL, 'PCS', 'Đặt bổ sung đơn 001-2506-000047 ( vật tư lắp ráp ty gá )', '', 0),
	(27, 3, 'CKDN0001', 'CÚT HÚT D11*M12*53 (210607)', 300, '2025-06-30', 'PCS', 'Đặt bổ sung đơn 001-2506-000047 ( vật tư lắp ráp ty gá )', 'dùng 258 dự phòng 42', 300),
	(28, 3, 'CKBL0136', 'Bu lông lục giác chìm Inox M2.5*10', 50, NULL, 'PCS', 'Đặt bổ sung đơn 001-2506-000047 ( vật tư lắp ráp ty gá )', '', 0);

/*!40103 SET TIME_ZONE=IFNULL(@OLD_TIME_ZONE, 'system') */;
/*!40101 SET SQL_MODE=IFNULL(@OLD_SQL_MODE, '') */;
/*!40014 SET FOREIGN_KEY_CHECKS=IFNULL(@OLD_FOREIGN_KEY_CHECKS, 1) */;
/*!40101 SET CHARACTER_SET_CLIENT=@OLD_CHARACTER_SET_CLIENT */;
/*!40111 SET SQL_NOTES=IFNULL(@OLD_SQL_NOTES, 1) */;
